Honey	grocery
1x potato.es	produce
50g mushroom (optional)	produce
1/2x onion.s	produce
Chia zaad	spices
Ox tail	meat
2 Becher Kräuter-Creme-Fraiche	dairy
Oats	bakery
W - Wing Mix	grocery
Dates	produce
50 ounces fresh tortellini	dairy
5 (14-ounce) can crushed tomatoes	grocery
5 quart chicken stock	grocery
Artichokes	canned
Crispix	grocery
Dishwasher tablets	nonfood
Oxyclean	nonfood
Laundry Detergent	nonfood
Maple Syrup	bakery
Cheap potatoes	grocery
400g asparagus	produce
750 g zucchini.s	produce
corn-starch 🌽	bakery
pinch sumac	spices
· 1 κ.γ. πάπρικα, κανονική ή καπνιστή	spices
· 1 κ.γ. τούρμερικ	spices
Parsley	bakery
· 1 κ.γ. κουρκουμά	spices
20 cups vegetable or chicken stock	grocery
1 15.5-ounce can garbanzo beans, drained and rinsed	grocery
Flounder	seafood
1/2 cup coconut oil	grocery
Mayonnaise	grocery
5 pound mild Italian sausage, casing removed	meat
30 slices bacon	meat
2 cup tapioca flour	grocery
8 cups almond flour	grocery
Garlic	produce
It's-It	dairy
Snax	grocery
Condensed milk	grocery
Bread flour	grocery
Kinderjogis	dairy
Figs	produce
Tortillas	grocery
White Sugar	grocery
Taco Shells	grocery
· 1 κ.γ κανέλα	spices
50 g gemahlene Mandeln	bakery
Burritos	frozen
50 g Zucker	bakery
Ginger	produce
Nuggets	frozen
Potatoes	produce
Green Bell Pepper	produce
Salsifis	canned
3 bell peppers, sliced (I used one of each color)	produce
Cheds	grocery
Avocados	produce
1 head of cabbage	produce
Hummus	grocery
Raspberries	produce
3 lbs Ground Beef	meat
Paprika	produce
1 tablespoons finely chopped fresh parsley	produce
120 g Weizenmehl	bakery
Ananas	produce
Optional: turmeric and crushed red pepper flakes	spices
teriyaki sauce	condiments
Bread	bakery
ketchup	condiments
Muffin mix	grocery
Lemonade zero	dairy
Gruau	bakery
Brown Jasmine Rice	grocery
25-30 Bratwurst	meat
Chickpeas	canned
Half and half	dairy
3 cup raw cacao powder	grocery
4 cup coconut sugar	grocery
3 cup full-fat coconut milk	grocery
Gf Burger Buns	grocery
30 large Pita Wraps (warmed)	dairy
Watermelon for Liz’s shower	produce
1 lb Ground Beef (back-up for gyros)	meat
1 1/2 tablespoons vanilla	spices
1 large egg plus 1 egg yolk	dairy
1/2 teaspoon baking soda	baking
1/2 teaspoon salt	spices
1/4 teaspoon baking powder	baking
14 tablespoons salted butter	dairy
2 tablespoons granulated sugar	baking
1 cup extra-virgin olive oil	grocery
Butterkäse	dairy
3 lb Ground Lamb	meat
1 slightly beaten egg	dairy
1/2 cup butter (melted slightly in the microwave)	dairy
1/3 - 1/2 cup chopped pecans	baking
1/3 cup powdered sugar for decor (optional)	baking
1/3 cup vegetable oil	condiments
2 eggs	dairy
juice of half a lemon (about 1 Tbsp.)	produce
zest of half a lemon (about 1 tsp.)	produce
10 breast chicken, cooked &amp; cubed	meat
Scallops	seafood
1  package (16 ounces) vanilla-flavored candy coating (almond bark), broken into pieces	spices
1 carbassa petita (uns 800 g)	grocery
1 all	grocery
Costelló tallat petit si és x 2 una tira	meat
1 sobre Royal	bakery
6 cans tuna	canned
1-1/3 cups all purpose flour, spooned into measuring cup & leveled	baking
Ramen	grocery
kartoffeln	produce
wienerle	meat
Hat	nonfood
PB&J MAKINGS:	grocery
Velveeta	dairy
jar o yeast	grocery
Oatmeal	grocery
36 saltine crakers	grocery
30 (6-ounce) salmon fillets (skin-on or skinless)	meat
Dinner Rolls	bakery
Chicken cheese melts	frozen
Jicama	produce
Pepper	produce
Corn dogs	frozen
Trader Joe's Chicken Shawarma Bowl	frozen
Mac n Cheese (Bob Evan’s x3)	grocery
Cooked Shrimp	frozen
Stir fry veggies	grocery
Sushi	grocery
Prosciutto	meat
Bouillon	grocery
Avocado oil	grocery
Laughing cow	dairy
2 cups whole milk	dairy
16 oz block Velveeta (cut into small cubes)	dairy
Israeli Couscous	grocery
Popcorn chicken	meat
Relish	grocery
Canned soda	grocery
1 (32 ounce) jar grape jelly	grocery
2 (12 ounce) bottles tomato-based chili sauce (such as Heinz)	grocery
Sliced ham	meat
48 ounces  queso fresco (cut into cubes)	dairy
16 to 20  saltine crackers	grocery
4 large  boiled egg (quartered)	dairy
1 cup lime juice	produce
4-8 tbsp aji amarillo paste	canned
Zitronem	produce
4  ripe avocado, sliced	produce
2 cup frozen peas	frozen
4 cup Jasmine rice	grocery
4 - 6 cups broth (* see notes)	grocery
4 tsp Ají amarillo paste	canned
Molasses (Grandma’s Brand)	spices
Cinnamon	spices
2  (11-oz.) cans whole kernel corn, red and green peppers	canned
1  (6.5-oz.) pkg. corn muffin and bread mix	grocery
Kosher salt	grocery
6 cups miniature marshmallows	grocery
avacado oil	nonfood
1/2 teaspoon ground nutmeg	spices
Kale	produce
4 almond milks	dairy
Peanut butter	condiments
Germes de soja	canned
8 garlic cloves, smashed and chopped	produce
6 cans (15 oz. each) sweet potatoes, drained	canned
1 (10-ounce) package frozen cut spinach	produce
other vegetables	produce
1  (14.75-oz.) can cream style sweet corn	canned
2  bunch fresh cilantro	produce
3/4 cup familia muesli	grocery
Sweetened condensed milk	canned
Tomaro paste	canned
Roti	bakery
12 to 16  pitted Peruvian black olives or kalamata olives	canned
Greek yogurt (naan bread)	dairy
Kaas	dairy
Bell pepper	produce
16 to 20 leaves iceberg lettuce or butter lettuce (for plating)	grocery
Garlic Paste	canned
Harissa Paste	canned
Oatly Cream	dairy
Wheat Thins Original Flavor (Julian)	grocery
20 boiled and peeled russet or yellow potatoes (cooled and peeled )	produce
Cocoa powder	canned
1/2 tsp dried dill	spices
Lettuce (lots)	produce
1 cup canned whole tomatoes, crushed with your hands	canned
1/2 cup finely chopped white onion	produce
1/4 tsp ground black pepper	spices
Peppers	produce
extra gallon for Eli	dairy
▢ kosher salt and black pepper	spices
5 ounces baby spinach (about 5 packed cups)	produce
1 14-ounce can crushed fire-roasted tomatoes	canned
1 pound ground pork	meat
Almond extract	bakery
3 cups broccoli florets	produce
1/2 cup panko breadcrumbs	bakery
1 egg	dairy
1/2 cup grated Parmesan	dairy
1 lbs. boneless skinless chicken thighs	meat
3 cloves garlic, minced	produce
large flour tortillas (burrito size)	bakery
Vitamin K (fat): Kale, spinach, broccoli, Brussels sprouts, cabbage, eggs, milk, tomato, soy, meat, turnips, lettuce	nonfood
guacamole	produce
▢ 2 Teaspoons Cumin▢ 2 Tablespoons Dried Dill	grocery
▢ 1 Pound Ground Lamb	meat
▢ 1 Pound Ground Beef, I recommend using 90/10 ground beef	meat
▢ Feta Cheese, crumbled	dairy
▢ 1 Tablespoon Dried Dill	grocery
▢ 2 Persian Cucumbers, finely chopped	produce
▢ Fresh Parsley, chopped	produce
▢ 1/3 Cup Fresh Mint	produce
▢ 1 Lemon, juiced	produce
▢ Baby Tomatoes, halved	produce
4 tablespoons butter, melted	dairy
4 Brioche buns	bakery
Grapes for Liz’s shower	grocery
one 7-ounce package deli turkey	meat
1 loaf of Trader Joe’s sun-dried tomato focaccia	bakery
a few pieces of thinly sliced red onion	produce
Almond butter pretzels (Julian)	grocery
kimchi	produce
Gravy	grocery
Baked Beans	grocery
Franks	meat
Cole Slaw	meat
Potato Salad	meat
COSMIC CRISP	grocery
Pani puri	grocery
Broccoli head	produce
2 cloves of garlic	produce
1/2 a bunch of basil (15g)	produce
Chili Powder	spices
Trail mix	grocery
1 Ei	grocery
Ranch dressing	condiments
Raisins	condiments
1 cup raisins and/or chocolate chips	baking
Monk fruit	grocery
Savon d’alep	nonfood
1 TL gehackte Haselnüsse	bakery
1 cup mange tout	produce
pho ga bowl things	grocery
Sesame Oil	grocery
125 g de farine	grocery
2 (12 oz each) cans evaporated milk	canned
Vegetable	produce
yeast	baking
self raising flour	baking
goldfish	grocery
canned tomato soup	grocery
Mini M&Ms (potty training)	grocery
Tub of Yogurt	dairy
Cherios	grocery
Blothouse farms green juice	beverages
Canned tuna	grocery
2 can (10 1/2 ounces) Campbell’s® Condensed Cream of Mushroom Soup or  Unsalted Cream of Mushroom Soup or  Cream of Celery Soup	canned
Potato starch	grocery
Franks red hot	liquor
1  bag (12 oz) frozen corn	frozen
cornflour	baking
2-3 Tbsp nonpareil sprinkles	bakery
Brocoli couronne X 1	produce
Hamburger	meat
200g oyster mushrooms	produce
300g extra firm tofu, thinly sliced	grocery
3  Stalks Celery (Diced)	produce
2 cups Cheddar Cheese (for serving)	dairy
Rohes Hack	meat
Minze	produce
icing sugar	baking
4 ounces cream cheese (I used 1/2 block of Philly)	dairy
15 drops liquid stevia	grocery
16 ounces potato gnocchi	grocery
Smoked salmon	meat
Feigen	produce
1 cup spinach	produce
1 cup heavy/whipping cream	dairy
6 ounces shredded sharp cheddar	dairy
Potato	produce
3 cups freshly shredded Colby Jack cheese (divided use)	dairy
Goudastück	dairy
Smoked paprika	spices
4 slices American cheese	dairy
Cheese	dairy
2  cooked, boneless chicken breast halves, shredded	meat
1 1/2 lbs extra large smoked turkey wings, legs, necks or ham hock (Make they are meaty)	meat
1 (4.5 ounce) package quick cooking long grain and wild rice with seasoning packet	grocery
4-5  yellow potatoes (cut into 1-inch pieces)	produce
3 lbs fresh collard greens (about 5-6 smaller bunches)	produce
Nutricost Omega 3	nonfood
1  stalk of celery (chopped)	produce
Apfelmus	canned
Fajita sachets	grocery
3  potatoes (cut into 1-inch pieces)	produce
1/2 pound spicy Italian ground sausage (use mild for kid-friendly)	meat
Costco-  chips	grocery
Costco-  Kleenex	bakery
2 Eiweiß oder 1 Ei (bei mir 60 g flüssiges Eiweiß)	grocery
Bran Flakes	grocery
3 Almond milk	dairy
1/3 tsp sweet smoked paprika	spices
2 tbsp oil or butter	dairy
1/2 tsp fine sea salt	bakery
1 tsp oregano	bakery
2 tbs flour	bakery
1/2 cup brown sugar	bakery
Whipped cream for 13x9 cake	dairy
1/8 teaspoon cayenne	bakery
Buckwheat	bakery
2 green peppers	produce
Sugar snap peas	produce
Uncrustables	frozen
6 Cherries	grocery
olive oil	bakery
Sambal	condiments
Tapioca parels	grocery
Rijstazijn	condiments
Garnalenpasta	condiments
Hoisin saus	condiments
Oestersaus	condiments
Tofu	dairy
Essiggurken	canned
Ghee	dairy
Lichte sojasaus	condiments
Rijstpapier	grocery
Gochujang (O'Food)	condiments
Sesamolie (Chee Seng)	condiments
Kaneelstokjes	spices
Zwarte kardemon	spices
Zwarte peperkorrels	spices
Soja chunks	grocery
Komijnzaadjes	spices
Dashi poeder	spices
Kashmiri chilipoeder (Chakra)	spices
Crispy chili olie	condiments
2 bags carrots	produce
1 tsp hot paprika (optional)	spices
1 tsp hot paprika	spices
Eisbergsalat	produce
Bufale	dairy
8 sub rolls	bakery
1/2 tablespoon chili garlic sauce, 10 grams	grocery
Thymian	produce
Quark	dairy
Parsnips	produce
1.5 teaspoons ground cinnamon	spices
2 Tbl Flour	baking
1 Tsp vanilla extract	baking
Pretzels	grocery
4 cups cranberries	produce
3 teaspoons onion salt	spices
5 lbs potatoes, peeled, cooked, and mashed	produce
1/4-1/2 teaspoon black pepper	spices
1/2 teaspoon ground allspice	spices
3 whole cloves	spices
1 cup pomegranate juice	beverages
4 black tea bags	beverages
Lemon slices, (optional)	produce
Cinnamon sticks, (optional)	spices
1 1/2 cups pumpkin puree	canned
0.5 teaspoon ground cloves	spices
1 1-inch piece peeled fresh ginger	produce
1 (8 oz pkg) cream cheese, softened	dairy
1 cup milk	dairy
2 oranges	produce
1 cup heavy whipping cream	dairy
1 Cup Pecans, Chopped	baking
2.5 cups cooked butternut squash cubes	canned
lettuce, tomato, cilantro	produce
1/4 cup mayo	grocery
1 tomato	produce
4 tablespoons butter	dairy
1 (3-ounce) precooked chicken and apple sausages, sliced	meat
refried beans	canned
6 cloves garlic, chopped	produce
▢ 30g / 2 tbsp ghee or unsalted butter (for pan frying, Note	dairy
6 ounces feta cheese (torn into 1-inch chunks)	dairy
1 tablespoon minced fresh oregano or marjoram	produce
2/3 cup raisins, preferably golden	grocery
1/2 cup red or white wine vinegar	grocery
Halloumi	dairy
2 tablespoons white vinegar	grocery
2 teaspoons sumac (or 2 teaspoons freshly grated lemon zest)	grocery
Calcium set tofu	grocery
1 1/3 cup shortening (part butter or margarine)	baking
1 cup brown sugar (packed)	baking
1 teaspoon soda	baking
2 pkg (6 ounces) semi-sweet chocolate pieces (1 cup)	baking
3 cups Gold Medal flour	baking
ref	frozen
Berries	frozen
Almonds	grocery
1/4 cup sliced almonds (optional)	grocery
Köttfärs	meat
Fleischkäswecken	bakery
Poivron rouge X 2	produce
(2) Black bin 1/2 size (Costco)	nonfood
Original recipe (1X) yields 12 servings	liquor
2 garlic cloves , minced	produce
2 potatoes , peeled and diced into 1.5cm / 2/3" cubes	produce
Pineapple	canned
1 tsp dried oregano leaves	spices
Meat pies	frozen
Chips	frozen
450 g asaparagus chopped (optional can sub other veggies (optional))	produce
6 Semmelknödel (pasta)	grocery
Möhren	produce
1 can (about 15 ounces) white cannellini beans, rinsed and drained	grocery
Canola oil	condiments
Pillsbury cookies	dairy
1/2 cup crumbled blue cheeseor shredded Cheddar cheese (about 2 ounces)	produce
dill	produce
Seaweed Sushi	produce
Jelly	grocery
1/2 red bell pepper (diced)	produce
4 lg can tomato sauce	grocery
1-2 bags shredded cheese	dairy
B12: salmon, 2 eggs, liver, clam, tuna, sardines, Greek yogurt,	nonfood
3 bananes	produce
Pinch crushed red pepper flakes	spices
Coconut	produce
Texas toast	frozen
2-3 milks	dairy
Gemüse	produce
50 g smjörlíki brætt	dairy
2 tsk lyftiduft	grocery
1 dl sykur	grocery
1 1/4 dl mjólk	dairy
6 (8-ounce) can tomato sauce	grocery
1/2 cup tiny marshmallows	grocery
7  pounds cod	meat
1 onion, diced	produce
8 lbs Yukon Gold Potatoes, peeled	produce
8 cups cooked cut  green beans (1 1/2 pounds of fresh green beans)	produce
2 cup coconut sugar ((157 grams))	grocery
4 tablespoons mini chocolate chips ((25 grams; optional))	grocery
1 teaspoon baking soda ((3 grams))	grocery
1/2 teaspoon salt ((2 grams))	grocery
2 teaspoon vanilla extract ((4 grams))	grocery
1 cup cacao powder ((47 grams))	grocery
GF Hamburger Buns (1 pack)	grocery
Snacks	grocery
twaróg	dairy
1 package frozen green peas (cooked)	frozen
1 pint Hellmans Mayo	grocery
15 verse blaadjes salie	produce
1/2 to 1 cup chopped nuts	grocery
Creamer	dairy
1/2 gal fruit flavored sherbet	frozen
6 oz. Can frozen lemonade	frozen
1 qt Cranberry juice	beverages
16 ounces cream cheese	dairy
50 g boter, plus iets extra voor de schaal	dairy
1 qt ginger ale	beverages
8 ounces Woody’s sharp cheddar cheese	dairy
3 oz. Package Cherry gelatin	grocery
Cold brew	beverages
5 teaspoon garlic powder	grocery
150 g gruyère, in blokjes	dairy
200 ml melk	dairy
4 courgettes, in plakjes	produce
150 g fontina, in blokjes	dairy
3 tablespoon Worcestershire sauce	grocery
1/2 c melted oleo (margarine)	dairy
6 cup dried orzo	grocery
1 mespunt vers geraspte nootmuskaat	spices
100 g salami, in blokjes	meat
Instant Rice	grocery
2 cup soy sauce or tamari	grocery
banany	grocery
B7 (biotin): cooked eggs, salmon, avocados, nuts, sweet potatoes, liver	nonfood
serek wiejski	dairy
Skinke	meat
0.5 kg aardappels	produce
Green onion (fried rice)	produce
B9 (folate): dark leafy greens (spinach, asparagus), legumes (lentils, chickpeas), and eggs.	nonfood
Vitamin C: citrus fruits (oranges, grapefruit), bell peppers, broccoli, strawberries, and kiwifruit	nonfood
Pakchoy	produce
Beans	produce
Phosphorus: dairy, poultry, fish, nuts, and legumes	nonfood
50 g boter, zacht	dairy
Ofengemüse	produce
2.5 plakken gruyère	dairy
Onion	grocery
Ananas (Dose)	canned
Mozzerella sticks	frozen
Colby Jack slices	dairy
Energy Drinks	beverages
4 tbsp fresh parsley, minced	produce
Onf the border chips	grocery
1/2 cup (90g) hummus	dairy
Olivani spread	dairy
Mince if cheap	meat
Puff pastry (2 sheets)	grocery
Ritz crackers	grocery
2 onion, chopped	frozen
2 tablespoon cumin	grocery
Vanillepasta (Nelsen-Massey)	grocery
Zinc: meat, shellfish, legumes, whole grains	nonfood
A: Sweet potatoes, carrots, cantaloupe, leafy greens, eggs, papaya, milk, liver, cabbage	nonfood
2  lemons	produce
2  Yellow Onions (Chopped Large)	produce
4  Celery Stalks	produce
Selenium: Organ meat, seafood, walnuts	nonfood
Roasting pan	nonfood
pack of cheese cloths	nonfood
meat thermometer	nonfood
turkey injector	nonfood
4 lb Yukon potatoes (10 potatoes, peeled and quartered*)	produce
velveeta cheese packets	grocery
8 Tbsp unsalted butter (softened)	dairy
6  garlic cloves  (smashed)	produce
4 cans kidney beans (can make from dry)	grocery
10 tablespoons all purpose flour	grocery
2 (10.5-ounce) cans  cream of mushroom soup	canned
4 (14.5-ounce) cans  cut green beans (drained)	canned
2 lbs Unsalted Butter (room temperature)	dairy
6  strips bacon	meat
1 tbsps Fresh Sage (chopped fine )	grocery
12 buns	bakery
1/2 cup (125ml) coconut milk, plus extra to serve	grocery
2 tablespoons chopped dill, plus extra to serve	produce
fresh herbs for garnish	produce
Eggnog	dairy
Lara bars	grocery
dressing	condiments
Red pepper hummus	grocery
Smores ingredients	grocery
green pesto	grocery
TJ’s Fritos	grocery
Scones	bakery
2 (6 oz) pkgs strawberry jell-o	bakery
Milk Chocolate chips	bakery
Strawberry Compote (maybe)	grocery
bag of potatoes	produce
Salt and pepper, to taste	spices
2 lbs baby carrots	produce
Costco Swiffer wet pads	bakery
Pizza pepperoni	grocery
Garlic dip	grocery
1/2 cup melted butter	dairy
3 pounds fresh green beans, trimmed	produce
Soup bread	bakery
Tostito chips	grocery
Pop corners or Skinny pop	grocery
1/4 cup unsalted butter, melted	dairy
4 large sweet potatoes, peeled and cubed	produce
Potatoes for baking	produce
2 black beans	canned
700 g (1 lb 9 oz) tomatoes, roughly chopped	produce
Green Beans	produce
Candy for Julian (gummy, sour, or sugar)	grocery
4 garlic cloves, minced	produce
1 tasse (250 ml) de carotte, cuites coupées en dés	produce
4 (4-oz.) boneless, skinless chicken cutlets	meat
14 oz. carrots, peeled and chopped	produce
Ravioli	grocery
1 cup canned unsalted black beans, drained and rinsed	canned
1, 8oz. block of cream cheese softened	dairy
1 1/2 cups fresh or thawed frozen corn kernels	canned
1 cup chopped white onion	produce
1 teen knoflook	produce
100g babyspinazie	produce
750 ml (3 cups) hot chicken stock	grocery
2 Tbsp. sliced scallions	produce
2 cups Gruyere cheese (shredded)	dairy
1/4 cup chopped fresh tomatoes	produce
1 1/2 cups (3/4-in.-thick) diagonally cut carrot	produce
1/2 cup diced celery	produce
1 head cauliflower (cut into small florets)	produce
1/2 cup parsley (chopped)	produce
60 gram basilicum	produce
1 ui	produce
400 g spinazie	produce
300 g pastaschelpen (ongeveer 45 schelpen)	grocery
1  ajuin (fijngesnipperd)	produce
Proactive margarine	dairy
Tinned tuna	grocery
1 1/2 cups chopped yellow onion	produce
2 (4-oz.) links fully cooked sweet Italian chicken sausage, chopped	meat
one handful of greens – sprouts, microgreens, spinach, etc.	produce
1 Tbsp. unsalted butter	dairy
2 tsp. chopped fresh thyme	produce
1 (28-oz.) can unsalted diced tomatoes, undrained	canned
1 oz. Parmesan cheese, grated (about 1/4 cup)	dairy
250g prepared dips (spinach and artichoke, hummus, French onion dip (place next to crackers and cut veggies))	dairy
2 cups additional veggies, cut into very small pieces for quick cooking (see photos for size reference; options include snow peas, asparagus, broccoli, cabbage, bell pepper, and/or fresh or frozen peas—no need to thaw first)	produce
Macarrones sin gluten	grocery
2 (15-oz.) cans unsalted cannellini beans, rinsed and drained	canned
Coffee beans	grocery
1 medium head green cabbage (about 2 1/2 pounds)	produce
2 fat garlic cloves, finely grated, passed through a garlic press or minced	produce
8 medium yellow onions (about 2 pounds), thinly sliced	produce
100 g Putenschinken	meat
something crunchy: tostada shells work really well, but tortilla chips or, dare I say, Doritos (!!) would work, too	grocery
2 garlic clove, grated	produce
300 g Linsen, rote	grocery
Dip (hummus, etc)	grocery
Chicken and Tuna packets	canned
Crackers for lunch	grocery
2 cups cooked brown rice (*see notes!)	grocery
Crispy seaweed snack	grocery
Kiwifuit	produce
Nappies	nonfood
Bbay porrdige x2	nonfood
coffee	dairy
potato / pasta salad	dairy
2 cups long-grain rice	grocery
8-16 slices of lunch meat	meat
2-4 slices of cheese	dairy
4 tbsp. Butter	dairy
4 ounces frozen banana	produce
Cashews	grocery
Coconut milk - cereal	grocery
3 large sweet potatoes (1 1/2 pounds), about 2 inches thick in the middle	produce
4 ounces frozen strawberries	frozen
2 cup baby spinach	produce
1 pound ground beef (85% lean)	meat
4 ounces frozen peaches	frozen
12 (6-inch) yellow corn tortillas	grocery
16 ounces ground sirloin	meat
2/3 cup low-sodium beef broth	grocery
2 pounds Yukon gold potatoes	produce
1/2 cup heavy cream	dairy
4 ounces unsalted butter, cut into pieces	dairy
1/2 cup light brown sugar	grocery
6 leaves sage	produce
1 red apple, sliced	produce
2 lb chicken thighs (trimmed and cut into 1-inch pieces)	meat
3 tbsp rice vinegar (or more to taste)	grocery
12 ounces grated full-fat, dry mozzarella cheese (see note above)	dairy
2 ounces prosciutto, thinly sliced	meat
Corn tortillas, 80 count	grocery
6 cups/850 grams blackberries	produce
120g self-raising flour	grocery
1 gallon vegetable stock	grocery
1 3/4 cups low-sodium chicken broth	grocery
3 1/2 Cups Vegetable Broth divided	grocery
250-300g dried spiral pasta	grocery
Fresh rocket	produce
150g dried apricots, chopped	grocery
1/2 cup sunflower seeds, roughly chopped	grocery
Coconut water	grocery
Copper: beef liver, oysters, dark chocolate (70%+ cacao), shiitake mushrooms, cashews, or a medium baked potato	nonfood
Cooking spray	grocery
Dry lentils	grocery
Dry chickpeas	grocery
1 tsp ground cumin	grocery
Flouride: seafood (shrimp, crab, oysters), spinach, potatoes, and raisins	nonfood
Calcium: dairy products, fortified foods, and leafy greens	nonfood
Turmeric ginger tea	grocery
2 teaspoon lemon zest	produce
10 ounces sharp cheddar, shredded	dairy
Shallot	produce
White chocolate syrup sugar free	grocery
1 tbls. cinnamon	grocery
50 g Scheiben Grünländer light	dairy
Magnesium: nuts, seeds!, legumes, and dark leafy greens	nonfood
Skim milk	dairy
Gogurt 64oz x4 boxes	dairy
Potassium: dried apricots, potatoes, dark leafy greens, dairy, salmon, banana, citrus, beans, lentils, almonds	nonfood
Poivre grain	grocery
7 oz red lentil pasta	grocery
200 g MILSANI Crème fraîche	dairy
2 EL Schmand	dairy
1  Zwiebel	produce
4  Schalotten	produce
1  GUT BIO Bio-Zitrone	produce
Ranch seasoning	spices
Pickles and juice	canned
Celery or cucumber	produce
Croutons	grocery
Ceasars salad kit	produce
Jasmine green tea	grocery
1 can (14 oz) coconut milk	canned
Snack bars	grocery
All-purpose flour	baking
Puree Aardbei (Boiron, Metro)	canned
Puree Framboos (Boiron, Metro)	canned
Tacos (Bread)	grocery
2  Zehen NATUR LIEBLINGE Knoblauch	produce
Mince	meat
Regular sweetened condensed milk	baking
Rice crispy treats	grocery
250 g Kirschtomaten	produce
2 EL FARMER NATURALS Pinienkerne	produce
Costco cornbread mix	bakery
60 g CUCINA NOBILE Getrocknete Tomaten	produce
Tootsie pops	grocery
300 g ALL SEASONS Blattspinat (tiefgekühlt)	frozen
200 g MILSANI Schlagsahne	dairy
Graham crackers	baking
Soba noodles	grocery
Cardamome verte	grocery
8 to 10 oz of cherry or grape tomatoes	produce
Garbanzo beans	grocery
Schnittlauchröllchen	produce
1 hart gekochtes Ei in Stücken	grocery
150 g Magerquark	dairy
Muskat	produce
1  Eigelb	grocery
1  NATURLAND Bio-Zitrone	produce
100 g frischer Blattspinat oder Bio-Babyspinat	frozen
TJ’s Beef birria	frozen
Rosmary	produce
2  Birnen	produce
200 g Rosenkohl	frozen
Frozen blueberries	produce
1 szt papryki	produce
B2 (rivoflavin): dairy, eggs, lean meat	nonfood
茄子	produce
免治肉	meat
170 g papryki	produce
b5: sunflower seeds, chicken, avocado, beef liver	nonfood
粟米	produce
255 g papryki czerwonej	produce
45 g rukoli	produce
10 tablespoons Dijon mustard	grocery
Fruit - ONO	grocery
4 ounce Peas	frozen
PESTO	grocery
1/2 c. (50 g.) finely ground almond flour	bakery
3/4 c. (90 g.) all-purpose flour	bakery
1/2 tsp. cream of tartar	canned
3 tbsp. cornstarch	bakery
3/4 c. (90 g.) all-purpose flour, plus more for dusting	dairy
9 large egg whites	dairy
2 1/2 c. (283 g.) confectioners’ sugar	bakery
1 small drop red gel food coloring	bakery
2 piping bags	bakery
1 lb. store-bought or homemade pizza dough	frozen
3 oz. brie, cut into 8 pieces	dairy
5 cloves garlic, finely chopped	produce
Mac and cheese	grocery
2 oz Arugula	produce
Haloumi	dairy
1 sheet frozen puff pastry, thawed	frozen
1 large egg, beaten	dairy
300-750 g letus	produce
Erbsen (fruit)	produce
8 tablespoon honey or maple syrup	grocery
2 cup coconut flour	grocery
8 mini brie rounds	dairy
2 drops (or more) red gel food coloring	bakery
Bag of lemons	produce
1 (8-oz.) pkg. cream cheese, softened	dairy
CREAMERS:	dairy
4 1/2 tbsp apple cider vinegar ((or white or other clear vinegar))	liquor
6  garlic cloves (, minced)	produce
1 cup honey ((or maple syrup))	grocery
12 tablespoons cornstarch	grocery
10 1/2 tbsp  (50g)  unsalted butter ((or 2 1/2 tbsp olive oil))	grocery
1500g / 1 lb   chicken breast (, boneless and skinless (2 pieces))	meat
3 tbsp soy sauce (, light or all purpose (Note 6))	grocery
3/4 c. (1 1/2 sticks) unsalted butter, softened	dairy
3/4 cup flour ((Note 1))	grocery
8 pounds boneless, skinless chicken breasts, or thighs, cut into 3-inch pieces	meat
Sultanas	grocery
Oranjebloesemwater (Samra)	grocery
Rozenwater (1&1, Samra, Al Wadi, Cortas)	grocery
Sap lychee (Maaza)	beverages
4 cups pretzels, crushed	grocery
Pekmez (Sebahat)	grocery
Isot biber	spices
Kikkererwten	grocery
Paneer (NMF)	dairy
Pul biber	spices
brussel spouts	produce
asperagus	produce
2/3 cup molasses	grocery
Amandelen	grocery
Baklava	bakery
Candied Pineapple	grocery
1 package Knorr® Vegetable Recipe Mix	grocery
Bulleit Bourbon Fronteir Whiskey	liquor
Chocolate chips	grocery
Saran wrap	grocery
Lamb leg	meat
Oat milk	grocery
Roma - non spicy sausage	meat
Bell peppers	produce
Premade dinner	dairy
1 1/4 cups whole wheat flour	grocery
4 cups brown rice	grocery
3 Chicken patties	frozen
Wheat flour	grocery
Sunflower seeds	grocery
Onions	produce
Tomatoes	produce
Bag of chips	grocery
Dill pickle chips	grocery
200g oyster mushrooms, torn into strips	produce
Shallots	produce
Pies	frozen
Gf pies	frozen
Cherries (Julian)	produce
Cream	dairy
I lb sugar snap pea stir fry mix	frozen
2 c old fashioned oats	grocery
Tide Free & Gentle	nonfood
1 tasse (250 ml) de panais, cuits coupés en dés	produce
other fruits	produce
pasta sauce	grocery
Tomato passatta x 1 500g jar	grocery
crossants	bakery
Gochujang	canned
2 pkg grape tomatoes	produce
rasins	grocery
3 pkgs dry Italian-style salad dressing mix	condiments
8 whole star anise	spices
6 lb. purple sweet potatoes (about 3 very large or 12 medium), peeled,	produce
1/4 cup chopped parsley, plus leaves for serving	spices
2 tsp. Diamond Crystal or 1 tsp. Morton kosher salt, divided, plus more	spices
3 Tbsp. Dijon mustard, divided	condiments
6 oz. stale country-style bread, torn into 1 1/2" pieces	bakery
2 cans of biscuits	bakery
1 cup plain whole-milk Greek yogurt	dairy
2 small heads of radicchio, leaves separated, torn	produce
6 mixed vegetables	frozen
1 1/2 cups 1/4" slices celery	produce
2 Tbsp. chopped fresh sage	spices
2 1/2 cups chopped yellow onions	produce
1 Tbsp. chopped fresh thyme	spices
2 tsp. kosher salt	spices
4 whole skin-on chicken thighs	meat
4 macaroni and cheese boxes	grocery
1/2 cup chopped flat-leaf parsley	spices
4 ounces acai, grape, or pomegranate juice	grocery
Freshly ground black pepper	spices
2 tbsp minced ginger (from a 2-inch piece of ginger)	produce
Lurpak	dairy
1 tablespoon white wine vinegar	grocery
8 Tbsp. unsalted butter, melted	dairy
1/2 to 1 teaspoon lime juice	produce
Food colour	bakery
IGA Black Pudding	meat
1 medium leek, trimmed, thinly sliced	produce
2 small apples (such as Honeycrisp or Fuji), cored, thinly sliced	produce
Limes for margaritas etc.	produce
8 3"-long cinnamon sticks	spices
Pam	nonfood
brown onion gravy	grocery
Kind bars	grocery
1 tsp kosher salt (divided)	grocery
2 eggs, whisked together	dairy
1 small white onion, finely chopped (about 1 cup)	produce
2 medium carrots, finely chopped (about 1/2 cup)	produce
3 bags cucumbers	produce
300 g TK Erbsen	frozen
Yogourt miniatures	dairy
1 cup greens (optional), such as spinach, baby kale or tatsoi	produce
2 ripe mangos, diced	produce
2 garlic cloves, pressed or minced	produce
1/2 lime, juiced	produce
1/2 bunch (about 4) green onions, chopped	produce
2 tablespoons chopped peanuts (optional)	grocery
1 small head of green cabbage (the smaller, the better) or bibb lettuce	produce
Pommes	frozen
1  bunch broccolini (ends trimmed, florets cut into big pieces and stems cut into 1/2-inch pieces)	produce
1/2  small red onion (thinly sliced)	produce
1 pound store-bought potato gnocchi (we like Isola)	grocery
2  garlic cloves (sliced)	produce
1 pint cherry tomatoes	produce
1/2 teaspoon za’atar	grocery
1 1/4 cups chopped scallions (about 1 bunch)	produce
3  large eggs (beaten)	dairy
▢ 2 zucchinis (courgettes),  diced into 1.5cm / 1/2" pieces (~200g / 7oz each)	produce
▢ 2 garlic cloves , finely chopped (~3 tsp)	produce
▢ 2 capsicum (1 red, 1 yellow),  cut into 2cm / 4/5" cubes (~200g / 7oz each)	produce
1 bag potates	produce
Almond Butter	grocery
▢ 30g/2 tbsp ghee or unsalted butter (Note 2)	dairy
2)Palak Paneer:	dairy
▢ 1 tsp fenugreek seeds (whole)	grocery
▢ 1 1/2 onions , finely chopped (brown or yellow)	produce
▢ 1 tsp ground coriander	grocery
▢ 2 garlic cloves , finely chopped	produce
▢ 1/3 cup + 1 tbsp  cream (pure, heavy or thickened)	dairy
▢ 1 tbsp lemon juice	produce
Sliptong	seafood
Coquilles	seafood
Sap zwarte bes (Appelsientje)	beverages
Puree Kokos (Metro)	canned
Roodbaarsfilet	seafood
Bevroren garnalen	frozen
Thee jasmijn sinaasappel (Rioba)	grocery
Zeewolffilet	seafood
Puree Passievrucht (Boiron, Metro)	canned
Zeezout gerookt (Maldon)	grocery
Paling	seafood
Bevroren bramen	frozen
Bevroren zure kersen	frozen
Thee chai (Rioba)	grocery
Thee Earl Grey (Rioba)	grocery
Thee kamille sinaasappel (Rioba)	grocery
2 tablespoons panko or plain breadcrumbs	canned
12 ounces mushrooms, thinly sliced or coarsely chopped	produce
1 to 1 1/2 c. half-and-half	dairy
2 medium yellow onions, halved and thinly sliced	produce
1 teaspoon (5 ml) soy sauce	canned
1 large onion, roughly chopped	produce
2 large onions chopped	produce
2 large onions, roughly chopped	produce
2 bay leaves	spices
2 cups sliced celery	produce
2 ribs celery, roughly chopped	produce
2 stalks celery, roughly chopped (about 1 quart)	produce
1 1/2 quarts (1.4 L) homemade or store-bought low-sodium chicken stock	canned
1 cup chopped parsley	produce
1 lb pork sausage (Jimmy Dean)	meat
42 oz of chicken broth	canned
1 large carrot, peeled and roughly chopped	produce
10 lb. russet or Yukon Gold potatoes	produce
Cranberry sauce	canned
strawberries	produce
4 to 5  medium beets	produce
Microgreens (optional)	produce
2 ounces goat cheese (torn)	dairy
Ryvita	grocery
Konjac Noodles	grocery
Chicken Sausage	frozen
3 Ramen noodles packets	grocery
Lg raw potato	produce
foil	nonfood
1 (8 ounce) packages frozen or refrigerated butternut squash ravioli	grocery
1 cups sliced red onions	produce
1 teaspoons cider vinegar	grocery
3 cups loosely packed chopped kale leaves	produce
0.5 tablespoon chopped fresh thyme, plus more for garnish	produce
0.5 tablespoon chopped fresh chives, plus more for garnish	produce
1/4 cup half-and-half	dairy
2 medium russet potatoes, scrubbed	produce
3/8 cup shredded sharp Cheddar cheese, divided	dairy
1 Vollkorn-Blätterteig à 320 g, eckig	grocery
4-6 GF bread slices	grocery
2 loaf bread, French or ciabatta	grocery
Sour milk	dairy
1 1/2 lb chicken breast or thighs	meat
20 oz mild red enchilada sauce ((We used 2 - 10oz cans))	canned
4.5 oz diced green chilis (with their juice)	canned
1 medium purple sweet potato, scrubbed and cut into 3/4-inch pieces (about 3 cups)	produce
1 tablespoon chopped mixed fresh herbs (such as thyme and parsley)	produce
2 cups cubed butternut squash	produce
2 cups halved Brussels sprouts	produce
3 medium carrots, peeled and diagonally sliced 1/2-inch thick (about 1 1/2 cups)	produce
Eis	grocery
Yogurt (2)	grocery
Rietsuikermelasse	grocery
Waterkefir	beverages
Lindebloesem	spices
Seitan	meat
Siroop granaatappel	grocery
20  dried Kashmiri red chilies (soaked in vinegar + 1/4 cup hot water for 10 mins (or use 1 1/4 tbsp Indian chili powder))	produce
garam masala	spices
Italian dressing	condiments
1/2 cup orange juice (I used 1 navel orange)	produce
1 clove garlic, (minced)	produce
1 tablespoon fresh lime juice	produce
1/2 cup sour cream or plain Greek yogurt	dairy
1/3 cup chopped cilantro	produce
10 cups fresh spinach leaves	produce
20 oz mild green chile enchilada sauce	canned
2 cups shredded Cheddar cheese, (divided)	dairy
2 cups shredded Monterey Jack cheese, (divided)	dairy
1/4 c. chopped parsley leaves	produce
Lemon juice to taste	produce
Toppings: Green onions, (chopped, Fresh cilantro, chopped, Diced avocado)	produce
0.5  orange	produce
0.5 pound asparagus spears, woody bases removed	produce
2  4-ounce fresh or frozen skinless salmon fillets	seafood
Breakfast bars	grocery
Udon noedels	grocery
1/2 cup chopped onion	produce
1 cup chopped sun-dried tomatoes	produce
1 cup whole-wheat orzo	grocery
2 3/4 cups vegetable broth	grocery
1/4 cup toasted pine nuts	grocery
1/4 TL Backpulver	bakery
1  small yellow onion, (diced)	produce
Instant gist (Doves Farm)	grocery
Siroop vlierbloesem	grocery
Fleur de Sel (Marsel)	spices
Ahornsiroop (Vermont)	grocery
Bakpoeder (Doves Farm)	grocery
Matcha (Hug the Tea!, RAW)	grocery
Olijfolie gerookt (La Barca)	grocery
Kaasdipper	canned
Vlierbloesem	spices
Goudsbloem	spices
Amandelextract (Nelsen-Massey)	grocery
Korenbloem	spices
Lavendel	spices
Kamille	spices
1 cup frozen shelled edamame, thawed	frozen
Rozenknopjes	spices
1 medium avocado, sliced	produce
1/4 cup unsalted toasted sunflower seeds	grocery
1 (8 ounce) pouch microwavable quinoa	grocery
Mirin	grocery
Nach Geschmack: Vanilleextrakt und/oder gemahlene Muskatnuss	bakery
Puglisi's Farms large white eggs, grade A  $2.18*	dairy
1/4 cup chopped pecans plus 2 tablespoons, divided	grocery
2 teaspoons pure maple syrup for serving (optional)	grocery
1 1/3 cups unsweetened plain almond milk	dairy
2 (15-ounce/425g) cans of cannellini beans*, drained and rinsed	grocery
Und alles was lecker auf Pfannkuchen schmeckt (Zimt und Zucker, Nutella, Banane, Erdbeeren, Äpfel...)	produce
2 medium Persian cucumbers, thinly sliced on an angle	produce
Barres tendres Isabelle Huot	bakery
Dutch processed cocoa powder	bakery
125 ml kaltgepresstes Sesam-, Erdnuss- oder Olivenöl	grocery
Salz	spices
1 (15-ounce) can no-salt-added chickpeas, rinsed	grocery
50 g Paniermehl aus Vollkornbrot	grocery
Olivenöl	grocery
4 EL Tomatenmark	canned
50 ml Haferdrink	dairy
1 1/2 tablespoons chopped fresh dill	produce
1 cup crumbled feta cheese	dairy
200 g Blattspinat; TK	grocery
1 Vanilleschote	bakery
1 Pck Magerquark	dairy
150 g Kräuterseitlinge	produce
100 g Mungosprossen	grocery
Chicken base	grocery
Curry powder	spices
1 EL Naturhonig oder 2 Prisen Stevia-Pulver	grocery
Crackers for seafood salad	grocery
150 g equisa fitline	dairy
1 (13.5 ounce) can full-fat coconut milk	grocery
2 EL Kokosraspel	bakery
150 ml Milch oder Pflanzendrink	dairy
Kokosraspel	bakery
1 gehäufter TL Backpulver	bakery
250g Hafersahne	dairy
1/4 cup whole-milk plain Greek yogurt	dairy
1 1/3 cups old-fashioned rolled oats	grocery
1 ounce dark chocolate (70%), broken into pieces	grocery
1 cup pitted dried dates	produce
Rice crispies	grocery
Chipwich chocolate	frozen
baking potatoes	produce
veganer Jogurth	dairy
1/4 cup dry white wine	liquor
cocktail sauce	seafood
1 beef steak	meat
Mustard	spices
Hummous	grocery
4 (5 ounce) bone-in, skin-on chicken thighs	meat
Chipotle paste	canned
300 g pomidorków koktajlowych	produce
df chocolate chips	bakery
500 g vegane Gnocchi	grocery
1 Flasche Salsa-Sauce	grocery
1 cup Butter ((softened slightly))	dairy
Mini quiches	frozen
Pasta	grocery
Tomato sauce	grocery
Lox	seafood
1 tablespoon corn starch	baking
1  egg yolk (room temperature)	dairy
3/4 cup unsalted butter (melted and cooled just until opaque)	dairy
Mini tomates	produce
1/2 cup vegetable oil ((120mL))	baking
4 large eggs (room temperature)	dairy
2  cups butter or margarine, softened	dairy
2  teaspoons cream of tartar	spices
Food colors, as desired	baking
1/2 teaspoon kosher salt (such as Diamond Crystal)	spices
1/2 teaspoon ground cayenne	spices
2 tablespoons dark rum	liquor
1/2 teaspoon baking powder (2 grams)	baking
1/2 teaspoon baking soda (3 grams)	baking
1 cup shortening	baking
1 cup creamy peanut butter (270 grams (or 1/2 cup creamy & 1/2 cup crunchy))	bakery
2 large eggs (100 grams, room temperature)	dairy
Karnemelk	dairy
3/4 cup good raspberry preserves	bakery
1/2 cup creamy peanut butter	bakery
3/4 cup crushed candy canes	grocery
1 cup Macadamia Nuts ((roughly chopped but still large enough))	grocery
1/2 teaspoon Salt  ((if using unsalted butter, use 3/4 teaspoon salt))	spices
1 small onion, sliced	produce
1/2  ui (kleine )	produce
1  bloemkool	produce
1 small cauliflower, cut into florets, stalk sliced	produce
2 1/8 cups (454g) light brown sugar, packed	baking
150 g spitskool	produce
2 medium courgettes, trimmed, halved lengthways and thickly sliced	produce
1 red onion, cut into 8 wedges	produce
2 teaspoons ground ginger	spices
1 meal potatoes	produce
1 meal sweet potatoe	produce
Ail	produce
375 g Champignons de Paris	produce
1/4 cup/60 grams dark rum	liquor
1/3 cup/80 grams unsulphured molasses	baking
2 1/2 Cuillère(s) à soupe Son d'avoine	condiments
1-2 ripe tomatoes	produce
2 flat mushrooms	produce
2 cups all-purpose flour ((240g))	baking
pre cooked chicken	canned
337.5 g Tomate	produce
2 1/4 Oignon(s)	produce
2.5 cups milk (or cream)	dairy
168.75 g Chorizo	meat
Sandwich meat	meat
0.5 Bund Schnittlauch	produce
4 Eier	grocery
Ham deli	meat
4 plain tortilla wraps	bakery
Activia Framboise	dairy
Brassés végétal	dairy
Pickles	canned
1  el water	produce
1  snufje  zout	beverages
9 Souris d'agneau	meat
90 cl Fond de veau	condiments
6 3/4 Gousse(s) Ail	produce
450 g Ratte	produce
1 lime	produce
34 slices thick toast bread	grocery
1 1/2 cups bean sprouts	produce
lime wedges, fresh bean sprouts, chili flakes, chopped scallions, roasted peanuts, Thai basil	produce
100 g Concombre	produce
12 1/2 Radis	produce
2 medium leeks, sliced	produce
1 cup unsalted butter (226 grams, room temperature (2 sticks))	dairy
3/4 pound unsalted butter at room temperature	dairy
1 1/4 Cuillère(s) à soupe Huile de sésame	condiments
Oignons verts	produce
375 g Poireaux	produce
30 Olives noires	condiments
675 g Poivron vert	produce
6 lb Ground Lamb (or half beef)	meat
2 1/4 Citron(s)	produce
1  andijvie ± 300 g	produce
125g Washing Soda	nonfood
4 Ecken Schmelzkäse	dairy
2  Preien (± 250 g)	produce
150 g Gehakt	meat
5  cups Gold Medal™ all-purpose flour	baking
250 g De prei vervangen door wokgroenten	produce
Picture frame (11.8x16.5)	nonfood
Beef top roman	nonfood
2 3/4 cups sifted all-purpose flour	baking
10 ounces (285g) of soft but sturdy rustic bread*	grocery
25 g noten	produce
40 g havermout	produce
1/2  appel	produce
1 (12 fluid ounce) can evaporated milk	baking
Fish sticks	frozen
Jalapeños	grocery
0.5 (8.8-ounce) package microwaveable brown rice	grocery
· 1 κ.γ. κύμινο	spices
Now Ultra Omega 3 fish oil	nonfood
Cardamon whole	spices
Nutmeg ground	spices
Mustard seeds	spices
pure cran	beverages
Ice cream	dairy
American Beauty Cream Of Mushroom	canned
Progresso Vegetable	canned
Amy's Organic Soups Southwestern Vegetable Fire Roasted	canned
Del Monte Artichoke Hearts	canned
525g broccoli, cut into florets	produce
6 leeks, trimmed and sliced	produce
North Pride Whole Kernel Corn	canned
Kroger Whole Chipotle Peppers	canned
Kind Breakfast Protein Bars (Banana & Chocolate)	grocery
Nutmeg	spices
Harvest Valley French Style Green Beans	canned
Kroger 35% Less Sodium Chicken Breast- 2 cans	canned
8 large mild pepperoncinis peppers	canned
ladyfingers	bakery
marscapone	dairy
American Beauty Canned Pinto Beans	grocery
American Beauty Canned Black Beans	grocery
Farine sans blé ? (Sarrasin ou autre)	grocery
Oeufs	grocery
4 cloves of garlic, minced	produce
600 grams (21 oz) button mushrooms, chopped (use the stems too)	produce
Lunch fruit	produce
Chocolate	grocery
Mother's Made Canned Light Red Kidney Beans	grocery
Ajvar	canned
Jack's Superior Great Northern Beans -Full bag	grocery
Top Tier Great Northern Beans - Full 1 Pound Bag	grocery
green onion	produce
400 grams (14 oz) frozen spinach, thawed according to the package directions and squeezed	produce
Pepper, to taste	grocery
Dried basil to taste	produce
1 cup (240 ml) vegetable stock	grocery
1 zucchini, diced	produce
3 cups (700 ml / about a jar and a half) marinara sauce	grocery
Lasagna noodles	grocery
200 g de lardons	meat
Coquillettes	grocery
6 tablespoons olive oil, divided	grocery
2 cups (480 ml) unsweetened plant milk (I used soy)	dairy
2 carrots, diced	produce
peppercorn medley	spices
6 cup corn	frozen
Fiesta Black Beans - Full 1lb Bag	grocery
Enoki mushrooms	produce
Oregon Food Bank Navy Beans - 1 Bag	grocery
Bok choy	produce
Scallions	produce
Kräuter	produce
Blumenkohl	produce
Oregon Food Bank Small Red Beans - 1 bag	grocery
Adzuki beans	grocery
1/2 cup unsweetened plant milk, such as almond, soy, cashew, or rice	dairy
Butter beans	grocery
3 to 3 1/2 cups white whole wheat flour, divided	grocery
Cannelline beans	grocery
Hampton Farms Creamy Peanut Butter- New	grocery
Calabrese - spicy	meat
Kidney beans	grocery
Navy beans	grocery
Pinto beans	grocery
asdsadsadasdsad	grocery
Carnation Breakfast Essentials Chocolate Drink Mix- 1/2 A Container Full	grocery
Premim Saltine Crackers-  4 Pack	grocery
White beans	grocery
1/2 cup chopped scallions or chives	produce
3 teaspoons grated ginger	produce
1 ounce dried shiitake mushrooms	produce
Almond Oil	condiments
Interior Paint $200+	nonfood
Flaxseed Oil	condiments
Texas Pete	condiments
Snack Cub Trail Mix - New Bag	grocery
Macadamia nut Oil	condiments
Snack Club Fancy Trail Mix - New Small Bag	grocery
1/2 teaspoon dry oregano	grocery
1 tablespoon chopped fresh tarragon	produce
All the chili toppings your heart desires	dairy
Cornflakes	grocery
Kodiak Protein Muffin Mix Blueberry Lemon- ~ 1 Cup Left, Almost Empty	grocery
Bob's Red Mill Textured Vegetable Protein	grocery
Bob's Red Mill 7 Grain Hotcake & Waffle Mix	grocery
Walnut oil	condiments
estrellitas	grocery
Müsli	grocery
Apples 🍎	produce
ancho chiles	produce
2 Zitrone	produce
Asian Pear	produce
2 TL Senf (optional)	condiments
400 ml Rapsöl	condiments
2 TL Chilipulver	spices
Bananas	produce
Avocados 🥑	produce
550 g Mehl (Type 550)	bakery
anderthalb Eier (ca. 75 g, Gr. M)	bakery
Blackberries	produce
1/2 cup pure maple syrup	grocery
40 g weiche Butter	condiments
Lettuce/Salad	produce
Red Star Active Dy Yeast -  New Jar	baking
Black Raspberries	produce
Winco Foods Original Syrup	grocery
Canistel	produce
Unfiltered Raw Wild Honey	grocery
Grandma's Molasses	baking
Puderzucker	bakery
Prise Salz	spices
gehackte Mandeln	bakery
Cherries 🍒	produce
200g geriebene Haselnüsse	bakery
0.5 Packung Rumrosinen	bakery
Good & Gather Granulated Sugar - ~2lbs Left	baking
200g Fett	condiments
small tortillas for tacos	bakery
Bbq Sauce	grocery
Dryed Cranberries	produce
2 Olipop sodas	beverages
4x6 index cards	nonfood
6  cup sliced pitted kalamata olives	grocery
Gold Medal All Purpose Flour - 2 lbs	baking
Kiwis 🥝	produce
1 tablespoon grated onion	produce
2 10 oz. packages frozen chopped spinach	produce
Lemons 🍋	produce
1 tablespoon red wine vinegar	grocery
Watermelon 🍉	produce
CA Pap	grocery
Chocolate Spread	grocery
16 oz pkg coleslaw mix (cabbage/carrot mix)	produce
Jacobs Koffie	grocery
sugar tabs	nonfood
Jacobs Granola with Chocolate and Hazelnut	grocery
Cantaloupe	produce
20 ounces goat cheese (crumbled)	dairy
1 (18   ounce) box   yellow cake mix, set aside 1 cup of dry cake mix	baking
Passionfruit	produce
Peaches 🍑	produce
1  lemon (, quartered)	produce
1  onion (, peeled and quartered)	produce
1 12-20 pound turkey*	meat
Pears 🍐	produce
Pinapple	produce
1 (21   ounce) can   cherry pie filling	canned
Flonase (or generic brand) for Miriam	nonfood
2 (15 ounce) cans cut green beans, drained	canned
Pomegranate	produce
Jello Family Size Chocolate Flavor Mix	grocery
1 Tbsp fresh parsley or chives (finely chopped for garnish (optional))	produce
Toilet paper	nonfood
16 Tbsp unsalted butter (2 sticks) (at room temperature (not melted))	dairy
Ghirardelli 60% Cacao Bittersweet Chocolate	baking
Ginger for bug and meal	produce
Oregon Food Bank Baking Mix (ex for pancakes)	grocery
Rambutan	produce
frosted flakes	grocery
1 generous handful flat-leaf parsley, finely chopped	produce
3–4 garlic cloves, minced (see note)	produce
Kroger Pure Baking Soda - ~ 1/2 left	baking
Ripe peppers 🌶	produce
Soursop	produce
Summer squash	produce
Starfruit	produce
Hot Dog Buns	bakery
Sapote	produce
Montreal Seasoning	spices
365 Whole Foods Market Baking Soda	baking
Kroger Non-Fat Dry Milk	dairy
Winter squash	produce
Kroger Non-Stick Canola Oil Spray	condiments
Butternut Squash	produce
Butcher Boy Vegetable Oil - 2 Bottles	condiments
2.5 cups rolled oats	grocery
Monari Federzoni Balsamic Vinegar Of Modena - Less Than 1/2 Left	condiments
1/3 cup fresh lemon juice	produce
1/3 cup packed brown sugar	grocery
1/2 teaspoon grated orange zest	produce
2/3 cup fresh orange juice	beverages
2 cups strawberries, hulled and sliced	produce
2 oranges, peeled and sectioned	produce
1 cup seedless grapes	produce
1/2 teaspoon grated lemon zest	produce
2 cups cubed fresh pineapple	produce
Acorn Squash	produce
2-1/2 cups uncooked elbow macaroni	canned
1 can (15 ounces) pizza sauce	canned
1 jar (4-1/2 ounces) sliced mushrooms, drained or 8 oz. fresh mushrooms, sliced	canned
1 chunk (3-5") stick pepperoni, grated	meat
1 cup shredded whole milk mozzarella cheese	dairy
1 can (8 ounces) tomato sauce	canned
Zucchini	produce
sugar cured ham	meat
Puddingpulver Gala	grocery
Schattenmorellen	grocery
Natur Bioghurt	dairy
Mamey	produce
3 cups garlic-flavored crutons	grocery
Cervelas	meat
Papayas	produce
Apricots	produce
Cherimoya	produce
1 cup semisweet chocolate chips	baking
Bacon - 4-6 slices (thick cut preferred), for pieces and drippings	meat
Baby spinach - 8 oz (about 8-10 cups), washed and dried	produce
Hard-boiled eggs - 2 large, peeled and sliced or chopped	dairy
Apple cider vinegar or red wine vinegar - 2-3 tablespoons	canned
Kroger Pure Sesame Oil - Less Than 1/2 Left	condiments
Grapes	produce
International Collection Toasted Sesame Oil	condiments
Egg noodles	grocery
2 tablespoons butter or margarine	dairy
CA Chippies	grocery
Putenschnitzel	meat
Grapefruit	produce
2 1/2 cups vegan milk	dairy
Pecorino	dairy
4 lbs russet potatoes ((12 medium) peeled)	produce
Backpapier	baking
1 tsp dried marjoram	grocery
Marukan Rice Vinegar	condiments
TK Lachs	frozen
TK Obst	frozen
white pepper	spices
TK Fischstäbchen	frozen
TK sonst. Gemüse	frozen
1/2 pound bulk Italian sausage - hot	meat
130 grams fresh cranberries (about 3/4 cup, pulsed in a blender or finely chopped)	produce
25 grams orange juice (about 5 teaspoons)	beverages
100 grams powdered sugar (about 3/4 cup plus 2 Tablespoons)	grocery
mushroom powder - dried shiitake	spices
TK Vesperweckle	frozen
Maruchan Beef Ramen -1 Bag	grocery
Backaroma	baking
Rice A Roni Spanish Rice - 2 Boxes	grocery
Maruchan Chicken Ramen - 4 Bags	grocery
Betty Crocker Suddenly Pasta Salad Sweet Basil	grocery
14 ounce bag coleslaw mix (green cabbage, red cabbage and carrots)	produce
białe warzywa (biały kalafior)	frozen
Kikkererwtenmeel (Gram Flower)	grocery
6 pound lean ground meat like ground beef, ground turkey, or bulk Italian sausage (2700g)	meat
Spaghetti Sauce	grocery
Fenegriekblaadjes (kasuri methi)	spices
8 ounces shredded Pepperjack cheese	dairy
Hefe frisch	baking
64 large hard boiled eggs (cooled and peeled)	dairy
1 1/2 teaspoon Bells poultry seasoning (or your favorite poultry seasoning)	spices
Kraft Mac n Cheese - 2 11 oz Boxes	grocery
30 servings chips	grocery
Cali squeeze S&F	liquor
Fennel	produce
Gluten-free bread loaf	grocery
Kroger Mashed Potatoes	grocery
2 Cassava Tortillas	bakery
3/4 cup unsweetened almond milk	dairy
1 cup spinach (fresh or frozen)	produce
Olives	meat
12 cups marinara sauce, homemade or store bought	grocery
4 (16-ounce) bag dried split peas, rinsed	grocery
2 pound sliced smoked ham, cut into bite-size pieces	meat
8 cups coarsely ground yellow cornmeal	grocery
Linsen	grocery
Duschzeug	nonfood
Pads	nonfood
Tagescreme	nonfood
Decaf tea	grocery
Stock cubes	grocery
Bob's Red Mill Golden Couscous	grocery
1  green onion (sliced)	produce
1 lb (450 g) bok choy (, chopped to bite size pieces (see the cutting method in the post above))	produce
1 batch water spinach  (空心菜, kōng xīn cài, Ong Choi) ((*Footnote 1))	produce
Shampoo	nonfood
3 cloves garlic (, coarsely chopped)	produce
1 lb (450 g) yu choy	produce
Augen-Make-up-Entferner	nonfood
60 corn tortillas	grocery
Płyn do naczyń	nonfood
Mild & SpeciySalsa, for serving	dairy
Kroger Fettuccine Pasta	grocery
2  lime (juiced (and more lime wedges to garnish))	produce
A Taste Of Thai Rice Noodles	grocery
6 pound dried spaghetti noodles (450g)	grocery
Pilas aaa	nonfood
Spülung	nonfood
4-6 Cilantro roots, chopped	produce
mixed vegitables	frozen
Unknown brand Angel Hair 8oz	grocery
Omega Long Grain Rice - Full 1lb	grocery
Pita chips	grocery
1 Bits and Bites	nonfood
1 cup of hummus	meat
Bodylotion	nonfood
Haarwachs Rudi	nonfood
Turnips	produce
Eggpant	produce
2  green onions (, thinly sliced)	produce
Chick peas	canned
Baby swiss	meat
Omega Medium Grain Rice -2 lb	grocery
Tip Top Bodenreiniger	nonfood
Waschcreme	nonfood
Flickertail White Rice - 1/2 Of A 1Lb Bag Left	grocery
Spüli	nonfood
Tonic	nonfood
Metzger Maultaschen -> NORMA	meat
Apple juice	beverages
Diet orange	beverages
Waschpulver 60 C	nonfood
WC-Reiniger	nonfood
Spülmaschinentabs	nonfood
Klarspüler	nonfood
Bodentücher	nonfood
Celia's White rice -1/4 Of A 1lb Bag Left	grocery
Flüssigwaschmittel 30C	nonfood
Topfschwämme	nonfood
Fußcreme	nonfood
8 ounces mascarpone cheese (at room temperature )	dairy
1/2 cup whole milk ricotta cheese (at room temperature )	dairy
Viss	nonfood
Badreiniger-NachfüllP	nonfood
Glasreiniger-NachfüllP	nonfood
Haut - Kapseln	nonfood
Salt and Pepper	nonfood
Triple Sec (margaritas)	liquor
1x 350g pack of silken tofu, drained	grocery
Spaghetti Pasta - 1 Airtight Jar	grocery
Macaroni  Pasta - 1 Airtight Jar	grocery
4 to 5 potatoes bite sized cubed	produce
El Monterey Beef & Green Chili Burritos	frozen
President Feta Crumbles Cheese	frozen
Black Privacy Fence $2000+	nonfood
Coffee (for perc)	nonfood
9 tsp ginger ((grated; from a 1-inch, 2.5-cm knob))	produce
Cacao powder (not cocoa) - maybe a later taste nature one	baking
cream of chicken	canned
Baby Snacks x3	nonfood
Baby biscuits	nonfood
green chilies	canned
4 green onions, sliced	produce
12 Schalotte	produce
1 pound fresh or frozen cranberries	produce
3/4 teaspoon ground cardamom	spices
Hot Sauce 11/16/24	frozen
Salsa 09/24/25- 3 packs	frozen
3 strips fresh orange peel	produce
1 tablespoon chopped thyme leaves	produce
Tomato Paste 09/24/25	frozen
splash of maple syrup	bakery
3000g daikon radish	produce
2 to 3 thyme sprigs	produce
3 large shallots, thinly sliced into rings	produce
1 cup whole milk or buttermilk	dairy
4 pounds large potatoes (preferably a mix of russet and Yukon Golds), scrubbed	produce
1 pound aged white Cheddar, coarsely grated	dairy
1 1/2 teaspoons ground turmeric	spices
Franz White Bread - Whole Bag	frozen
4 garlic cloves, finely chopped	produce
3/4 cup full-fat plain Greek yogurt	dairy
2 cups tender herbs (leaves and tender stems), such as dill, parsley and mint	produce
1 teaspoon Aleppo or other mild crushed chile, for garnish	spices
Flaky sea salt, for garnish	spices
2 large shallots, finely chopped	produce
1 serrano chile or bird’s-eye chile, thinly sliced	produce
1 (13.5-ounce) can unsweetened coconut milk	canned
1 (3-inch) piece fresh ginger, peeled and finely chopped (2 tablespoons)	produce
2 cups full-fat Greek yogurt	dairy
4 large garlic cloves, thinly sliced	produce
4 pounds winter squash, such as butternut, honey nut, kabocha or red kuri	produce
1/2 teaspoon crushed red pepper	spices
Aidells Chicken & Apple Sausages - 4 Sausages	meat
1 1/2 cups/355 milliliters heavy cream	dairy
3 large eggs, room temperature	dairy
1/2 cup/115 grams sour cream	dairy
Flaky salt (optional)	spices
1 cup/195 grams sugar	bakery
3 tablespoons maple syrup, plus more for drizzling	bakery
Container Of Bacon Bits	meat
Bolognese 01/01/25 - 3	frozen
2 lb fresh green beans (ends trimmed)	canned
8 oz cream cheese (softened)	dairy
1 cup mushroom	grocery
2 cups pork rinds	grocery
1  medium red onion (peeled and thinly-sliced)	grocery
1 pound fresh collard greens, cut into 2-inch pieces	produce
3 cups chicken broth	grocery
Egg Bites 10/28/25 -20 Ct	frozen
Kroger Tater Bites - 1 Cup Left	frozen
59 milliliters coconut oil (4 tablespoons)	condiments
Perdue Chicken Tenders -~ 3 left	frozen
Honey Chipotle Chicken 07/25 -2 Bags	meat
2 pounds large shrimp, cleaned and drained	seafood
1 garlic clove, minced	produce
1 teaspoon low-sodium Cajun or seafood seasoning	spices
Jogurt	dairy
12  green onions/scallions ((save the green part for garnish))	produce
I.C, Shredded Roast Chicken 11/07/25-2 Bags	meat
Roast Chicken Thigh Bone-In 11/07/25 -1 Bag	meat
1/4 cup low-sodium soy sauce	spices
1 tablespoon yellow mustard	condiments
1/4 cup corn oil	condiments
Smoothies 01/21 - 2 Bags	frozen
Panko Bread Crumbs	frozen
1/2 yellow onion, chopped	produce
1 1/2 pounds flank steak	meat
1 1/2 lbs red potatoes, cut into bit-sized chunks	produce
1 lb carrots, cut into bite-sized chunks	produce
2-3 lbs boneless chuck roast (3-4 lbs bone-in)	meat
1/2 cup barbecue sauce	spices
1  Zitrone(n), Saft davon	produce
1  Zwiebel(n)	produce
1 Liter Gemüsebrühe	grocery
1 Stück(e) Ingwer (ca. 5 cm lang)	produce
500 ml Kokosmilch	grocery
800 g Hokkaidokürbis(se) (geputzt gewogen)	produce
Koriandergrün (zum Garnieren)	produce
Sojasauce	grocery
1/4 c. freshly grated Parmesan	dairy
2.5 C sweet potato chunks	produce
8oz white mushrooms, cut in half	produce
1 1/4 TL geräuchertes Paprikapulver	spices
125 g Cashewkerne	grocery
2.5 EL natives Sonnenblumenöl	grocery
2.5 TL Ahornsirup	grocery
250 g frisches Sauerkraut	grocery
375 g gekochte Kichererbsen	grocery
5 Süßkartoffeln à 300 g	produce
5 TL Kapern	grocery
5 TL natives Sonnenblumenöl	produce
5 TL Weißweinessig	grocery
1/2 tablespoon liquid smoke	spices
2.5 Handvoll Petersilie	produce
1500 g Kartoffeln, vorwiegend festkochende	produce
3  Knoblauchzehe(n)	produce
375 ml süße Sahne	dairy
Butter für die Form	dairy
Rosmarin	produce
Grated Parmesan, for garnish	dairy
Apples	produce
Aufstriche	grocery
Müsli/Haferflocken	grocery
Diced Carrots - 16 Bags	frozen
2 lb chicken tenderloins, tenderized	meat
2 tbsp parsley, finely chopped	produce
Caesar dressing for salad + 1 cup for breading	grocery
Lemon, juiced	produce
Fresh grated parmesan	dairy
rice cakes	grocery
shredded cheddaar	dairy
dry shampoo	nonfood
2 packages Immaculate Baking Co. organic crescent rolls (16 rolls)	dairy
2 Hafermilch	grocery
8 ounces bacon, diced	meat
BabyBel Cheese	nonfood
Dave's Killer Bread - 2 Sandwich Rolls	frozen
4  potatoes, cut into 1/4-inch-thick matchsticks	produce
4 cloves garlic, minced or grated	produce
Smucker's Uncrustable PB & Grape Jelly -2 Sandwiches Left	frozen
1-2 cloves  garlic, grated	produce
1/2 cup  plain Greek yogurt or sour cream	dairy
1/2 cup fresh cilantro, finely chopped	produce
2  green onions, finely chopped	produce
Mission Yellow Corn Tortillas	frozen
• 400 g de tomates cuites, coupées en dés	canned
1 head of butter lettuce, (washed and dried)	produce
1/2  cup cilantro, (chopped, for garnish (optional))	produce
1/2  cup of crunchy or creamy peanut butter	grocery
2 tablespoons of sesame oil ((optional))	grocery
1  medium onion,  (sliced)	produce
1/2 cup buttermilk	dairy
2 tablespoons unsalted butter, softened	dairy
4 ounces cream cheese, softened	dairy
4lb Shoulder Pork Roast	meat
1/3 cup butter, (melted)	dairy
Ajowanzaad	spices
Amchur	spices
2l vla	dairy
2l yoghurt	dairy
8 ounces shredded lettuce	produce
1/2 cup diced tomato	produce
12  hawaiian rolls	bakery
3 ounces thinly sliced salami	meat
8 ounces ham (thinly sliced)	meat
Pinto beans (unknown date) - 1 Cup	grocery
1.5 celery stalk, washed, trimmed and finely chopped	produce
1.5 large carrot, peeled and finely chopped	produce
cream of mushroom	canned
strawberry jelly	grocery
alfredo sauce	grocery
400g swede, diced	produce
1500g cod fillet	seafood
170g fresh spinach, chopped	produce
1800g smooth potatoes, peeled and chunked	produce
250g dried red lentils	grocery
2.5 lemon, cut into wedges	produce
2.5 x 285g jar roasted peppers, drained and rinsed	grocery
500g (7oz) cooking chorizo, sliced	meat
625g (8oz) Spanish paella rice	grocery
1250g lean minced beef	meat
1250g passata	canned
1250ml red wine	liquor
2.5 large carrot, finely diced	produce
2.5 small leek, finely chopped	produce
5 celery sticks, finely diced	produce
5 tsp chopped marjoram, plus more to serve	grocery
5 tsp chopped rosemary	produce
Grated Parmesan, to serve	dairy
1200g fresh gnocchi	grocery
2 tsp caster sugar	grocery
240g chorizo diced	meat
250g mozzarella ball, cut into chunks	dairy
4 x 400g cans chopped  tomatoes	grocery
green salad to serve	produce
small bunch of basil torn	produce
6 ounces (125g) mature cheddar cheese, grated	dairy
1050 linguine	grocery
12 spring onions	produce
mint leaves	produce
3 garlic clove, crushed	frozen
3 tbsp chopped mint	produce
450g pancetta, diced	meat
6 skinless, boneless chicken breasts, diced	meat
900g risotto rice (Arborio or Carnaroli)	grocery
Zest and juice of 3 lemon	produce
1500g gnocchi	grocery
Large knob of butter	grocery
3 onion, finely chopped	produce
225g cheddar cheese	dairy
750g baby spinach leaves	produce
75g pecorino cheese	dairy
2 green pepper, deseeded + chopped	produce
2 x 400g tin kidney beans, drained + rinsed	canned
2–2 red chillies, deseeded + diced	produce
1 1/2 teaspoon ground pepper, divided	produce
3 pound chicken cutlets	meat
6 cups coarsely chopped fresh spinach	produce
3.6L hot chicken stock	grocery
frosting	baking
powdered sugar	baking
cake mix	baking
dry milk powder	baking
macadamia nuts	baking
1 bunch of fresh sage (optional)	produce
Tri tip	meat
• 1/2 cup cherry tomatoes or red bell pepper, chopped	produce
1/4  small red cabbage head (shredded)	produce
8 oz mushrooms (crimini)	produce
• 1/2 cup hummus (store-bought or homemade)	canned
1/2 cup light coconut milk (see notes)	canned
• 2 chicken breasts, diced	meat
• 1 cup cucumber, diced	produce
5 oz fresh spinach	produce
Food coloring (gel preferred)	bakery
Toast toppings	meat
1 cup cheddar cheese (shredded)	dairy
1 pkg refrigerator biscuits	dairy
6 Cup Sliced Jonathan Apples (5 pounds)	produce
6 Tbsp. neutral oil (such as vegetable, peanut, or canola)	grocery
Pastry for 2-crust pie	grocery
1 12–14-lb. turkey, neck and giblets removed	meat
Small handful of hardy herbs (such as sage, rosemary, bay leaves, and/or thyme)	produce
1 pound fresh green beans, rinsed, trimmed and halved	produce
12 ounces button mushrooms	produce
2 medium onions, thinly sliced	produce
3 lbs Yukon gold potatoes (scrubbed (peeled or unpeeled))	produce
1 large or 2 small Granny Smith apple(s)	produce
1  medium yellow onion (diced (about 1 cup))	produce
4 large  sweet potatoes (1 1/2 to 2 pounds) (, peeled and cubed )	produce
5 ounces (about 5 cups) spring greens salad blend or kale	produce
Rosemary	spices
Steak sauce	grocery
Bleu cheese dressing	grocery
PF Chang's Mongolian Beef	frozen
1 pound gold potatoes (chopped into 1/2” pieces (about 3 cups))	produce
Melon	produce
2  large carrots (cut into coins)	produce
2 1/2 cups mixed frozen veggies ((11 oz))	frozen
3 cups shredded chicken (this is about 1 picked rotisserie chicken for me, or see note to substitute raw chicken meat.)	meat
Coconut Oil [x1]	grocery
Chicken Stock 01/09/26 - 1 Bag Of 2 Tbsp cubes	frozen
Chicken Drumsticks 09/02/25	frozen
1 (12-ounce/354ml) can  evaporated milk	canned
1 (15-ounce/425g) can  pumpkin puree	canned
12 oz cranberries (rinsed and picked through -- bad/bruised cranberries removed)	produce
1/3 cup light brown sugar, tightly packed	baking
3 pounds sweet potatoes (peeled and cut into cubes)	baking
3/4 cup chopped pecans (divided)	baking
1/4 teaspoon cinnamon (or to taste)	spices
1/3 cup butter (softened)	dairy
Empire Kosher Chicken Breasts 11/05/25	frozen
1  lemon (quartered)	produce
2 Tablespoons pickle relish (, or diced dill pickle)	canned
0.5  poblano pepper (stemmed, seeded, and diced)	grocery
0.5  medium yellow onion (chopped)	grocery
0.5 (4-ounce)  can diced green chiles	grocery
1 tablespoons fresh lime juice (plus wedges for serving)	grocery
Sliced jalapeño or serrano peppers	grocery
250g Cooked Basmati Rice	produce
75g Frozen Pea	frozen
paprika (for garnish)	spices
1/2 cup BBQ rub	spices
4 sprigs fresh herbs (such as thyme, rosemary or parsley)	produce
1/2  yellow onion (finely diced)	produce
3 cloves garlic (minced)	produce
1/3 cup mayonnaise (, or use half mayo and half plain Greek yogurt)	canned
1/4 cup parmesan	dairy
1/4 tsp smoked paprika  ((or regular paprika))	baking
4 tbsp butter (melted)	dairy
16 oz elbow macaroni, cooked ((or other tubular pasta))	canned
2 teaspoons rubbed sage	produce
4 cups low-sodium chicken broth ((or turkey or vegetable broth))	canned
1 teaspoon dried rosemary	spices
1  10 ounce package dry corn bread mix	canned
1/2 cup celery (chopped)	produce
1/2 tablespoon dried parsley	spices
2  large eggs (lightly beaten)	dairy
4 pounds potatoes (russet or Yukon gold)	produce
3 cloves garlic (optional)	produce
1 Carrot	grocery
1 Cucumber	grocery
30g Fresh Ginger	grocery
2 lb lean Ground Beef ((90/10 or 13 2/7))	meat
1 teaspoon pure vanilla extract	baking
1 (3.4 oz) box dry instant banana cream pudding mix ((NOT cook & serve))	baking
2 tsp cumin powder	spices
30 oz diced tomatoes (with their juice)	canned
30 oz kidney beans (two 15oz cans, drained and rinsed)	canned
1/2 cup full-fat sour cream (room temperature (115 grams))	dairy
2 cups whipped cream or whipped topping	dairy
4  large eggs (at room temperature)	dairy
10 to 20  Nilla wafers	baking
5 tablespoons unsalted butter (melted and slightly cooled (70 grams))	dairy
3 cups whole Nilla wafers (crushed (180 grams; 1 2/3 cups crushed))	baking
1 cup mashed ripe banana ((2 large ripe fresh bananas; 250 grams))	produce
1 to 2  bananas (sliced)	produce
Charcuterie	dairy
1 cup (200 grams)  granulated sugar	baking
1 recipe homemade pie crust (use the single crust version)	dairy
1 cup olive oil ((240mL))	baking
5 tablespoons (40 grams)  Bob’s Red Mill finely ground tapioca flour	baking
1 teaspoon lemon zest (about 1 lemon that weighs 90 grams)	produce
2 tablespoons (30 ml) fresh squeezed lemon juice	produce
5 1/2 cups (767 grams) fresh marionberries (washed and dried)	produce
1/4 cup fresh lemon juice ((60mL))	produce
1/4 cup sliced pepperocinis ((40g))	canned
2 cups cherry tomatoes (halved (225g))	produce
1/4 cup fresh parsley or basil (chopped)	produce
1/2 cup grated Parmesan cheese ((20g))	dairy
4 ounces fresh mozzarella pearls or balls ((225g))	dairy
Trader Joe's Chicken Breakfast Sausage 05/02/25	meat
1 cup shredded cheddar cheese	dairy
1 package (16.5 oz) refrigerated biscuit dough (8 biscuits)	frozen
2 cups cooked shrimp, chopped	canned
2 tablespoons fresh parsley, chopped (for garnish)	produce
1.5 C snow peas finely shredded	produce
5/6g chicken strips	grocery
1 tsp minced garlic	grocery
2 tbs chopped red chili peppers	grocery
chicken bouillon	baking
beef bouillon	baking
Safeway Pork 09/28/25	meat
1/2 pound Italian sausage	meat
Watercress x2	produce
2 tbsp lemon juice, drizzling at end	grocery
1 tbsp fish sauce (sub light or regular soy sauce	grocery
Chipotle Adobo 11/30/25 -6 Bags	frozen
ground mustard	baking
sesame seeds	baking
onion flakes	baking
pie crusts	frozen
lasagna	frozen
bread crumbs	baking
32 oz frozen cubed potatoes	frozen
everything bagel seasoning	baking
Sesame breadsticks	grocery
1 cup cheddar cheese shredded (or colby jack)	dairy
Brownie cookies	grocery
Kroger Chopped Onions 1 Cup	frozen
Cotons Lila	nonfood
Pâtes	grocery
2 tablespoons grated parmesan cheese	dairy
4-6 slices sharp cheddar cheese	dairy
1 package (12 count)  dinner rolls, halved lengthwise	bakery
Hot Chocolate	grocery
1 cup all-purpose or enriched white flour	grocery
3 t. baking powder	grocery
Muesli bar	grocery
1 cup confectioner’s sugar	bakery
2 Tbsp milk (or non-dairy milk of your choice)	beverages
1/3 cup chopped sweet onion	produce
3  baby carrots, grated (Optional)	produce
1/2 head green cabbage, cored and shredded	produce
Mango treat	frozen
1 medium tomato, diced	produce
1 cup grated mozzarella cheese	dairy
2 cups crushed pretzels (not too fine)	grocery
Kroger Super Sweet Corn	frozen
Chip Dip	dairy
Chai	grocery
1 tablespoon lemon juice, fresh from about 1/2 lemon	produce
1/2 cup raw cashews, soaked	grocery
poptarts	grocery
Navajo Tea (page 149), for serving	beverages
1/2 cup (75 g) Blueberries	produce
1/4 cup (60 ml) Milk	dairy
1/4 cup (40 g) Chia seeds	produce
6 cup Shredded Cheddar	dairy
Sachets de congélateur	nonfood
texas rolls	frozen
2 lg cans olives, sliced in food processor or by hand	grocery
5 cans black beans (rinsed and drained (warmed lightly, if desired, or for extra yumminess))	grocery
Salsa: 1 mild &amp; 1 medium	dairy
Shredded cabbage or lettuce (iceberg or romaine), sliced thinly	produce
1 teaspoon dried rosemary leaves	grocery
1 pound beef steak (e.g., flank steak, skirt steak, or New York strip), cut into 1-inch cubes	meat
4 cups leftover shredded cooked chicken (I used rotisserie chicken, skinless, organic if possible)	meat
1 medium parsnip, peeled and cut into 1-inch pieces	produce
1 cup celery, sliced	produce
1 cup yellow onions, finely chopped	produce
1 tbsp chopped green onions	produce
1/2 cauliflower head, cut into florets	produce
1/2 cup bell peppers, sliced	produce
1/2 cup bok choy, chopped	produce
1 1/2 cups warm milk (,dairy-free use cashew, almond or coconut milk)	dairy
Rinsed Tomatoes For Canning - ~32	frozen
1.5 cups fresh bean sprouts (divided)	produce
Celebration Roast	meat
Canned salmon	canned
2 teaspoons dried parsley leaves	grocery
320 g (5.6 oz) buckwheat soba noodles	grocery
Earth Balance soy free buttery spread	dairy
2 limes, juiced	produce
Potatoes - 17 Ct	produce
Sesame seeds, for garnish	grocery
1/4 # seltzer's original lebanon bologna	meat
12 g Petersilie	spices
2 gal Milk	dairy
4 and 1/2 cups (315g) all-purpose flour (spooned & leveled), plus more for shaping and rolling	grocery
3/4 cup plain hummus	grocery
2/3 cup chopped celery leaves	produce
2 cup vegetable or mushroom broth	grocery
4 celery ribs, coarsely chopped	produce
3 tablespoons chopped sage	produce
2 medium onion, coarsely chopped	produce
Bières blondes	beverages
Camembert x2	dairy
6 ounces (56g) semi-sweet chocolate, finely chopped	grocery
9 Tablespoons (16g) unsweetened natural or dutch-process cocoa powder	grocery
3 cup (200g) granulated sugar	grocery
1 fresh long green chilli, finely chopped	produce
200g pumpkin, cut into 3cm pieces	produce
1 zucchini, sliced	produce
1–2 capsicums, sliced	produce
4 cups sliced new potatoes (around 600g)	produce
1–1.2kg chicken thighs (boneless, skinless)	meat
200g hot-smoked salmon	seafood
500g rump steak strips	meat
3/4 cup Greek yoghurt	dairy
1 can white beans, drained and rinsed	canned
ngò gai (culantro)	produce
1/4 cup plain yogurt (full-fat for softness)	dairy
•5 oz. (About 150 g) cherry tomatoes, halved	produce
Valentine candies	grocery
Ethels	bakery
Xanthan gum	bakery
175 grams mixed greens (5 cups)	produce
2 milliliters Dijon mustard ( 1/4 to 1/2 teaspoon)	condiments
Juice of 2 oranges (about 1/2 cup)	produce
felt 55cm long, 31cm wide (including legs)	nonfood
Mint Leaves: 1/8 cup (or 2 tablespoons), chopped	produce
Ancho chilipoeder	spices
Gochugaru (Koreaans chilipoeder)	spices
10 fresh curry leaves	spices
2 star anise	spices
4 lb. crusty country bread (about 2 loaves), preferably sourdough, cut into 1 1/2" pieces	bakery
2 1/2 c. whole milk	dairy
12 tbsp. unsalted butter, divided, plus more for dish	dairy
1   large    egg, lightly beaten	dairy
8 all-beef frankfurter hot dogs	meat
1 (8-oz.) wheel Brie, cut into thin strips	dairy
2 tsp. finely grated orange zest	produce
1 (15-oz.) can whole-berry cranberry sauce	produce
4 cups turkey stock	canned
5 pounds Yukon Gold or Russet potatoes, peeled, cut into 2-inch chunks	produce
1 large egg, beaten to blend	dairy
1 package (8 ounces) cream cheese spread	dairy
8 (15-ounce) cans chickpeas	grocery
Deli turkey	meat
Pretzel rods	grocery
Lait riz	beverages
Claratine	grocery
1/2 lb firm white fish (such as halibut, snapper, or sea bass), cut into 1/2-inch cubes	seafood
Bevroren blauwe bessen	frozen
Tates cookies	grocery
Mac  n cheese	grocery
gluten-free pie crust	frozen
Mixed fruit	produce
Quail Egg	dairy
Garlic powder (large bottle)	spices
Shredded Ched (or mix) 2 16oz	dairy
2 tablespoons fish sauce	grocery
400 ml coconut milk	canned
Mingle chicken rub	grocery
Champions	produce
One 14-ounce kielbasa sausage, cut on the diagonal into 3-inch pieces	meat
1 teaspoon dried Italian or pizza herb blend	spices
Single serve chips	grocery
1-2 jars PB, for social	grocery
1 1/2 tsp Kashmiri chilli powder	spices
Thor's hammer	meat
1/2 cup julienned fresh sage leaves	produce
1 pound bulk hot or mild Italian sausage	meat
12 ounces brown rice shell pasta (I use Jovial brand)	grocery
1/4 cup pico de gallo	canned
cold cuts	meat
Stratos	grocery
Nonstop	grocery
cat shampoo	nonfood
dog shampoo	nonfood
dry dog food	nonfood
wet cat food	nonfood
wet dog food	nonfood
1 pound (about 15-18) ripe tamarind pods (or 1 cup of tamarind pulp/block)	produce
Squeeze of lemon juice	produce
1 lemon, you’ll use the zest and lemon wedges	produce
12-15  lb turkey, thawed	meat
one large onion, divided	produce
turtle food	nonfood
avo	produce
Mints	grocery
Shelf stable milk	grocery
1/2 cup freeze-dried blueberries	spices
400 ml Soja- oder Nussmilch (zimmerwarm)	dairy
1/2 teaspoon anchovy paste or 2 oil-packed anchovy filets	canned
230g packet corn chips	grocery
2 ribs organic celery, including leafy part, roughly chopped	produce
3 pounds meaty bones such as oxtail, shank, or short ribs	meat
4-5 pounds grass-fed beef bones, preferably marrow, joints, and knuckle bones	meat
1  heaped tablespoon of good quality mayonnaise	grocery
Two bags of cucumber	produce
1 large mango, diced	produce
1/4 red onion, thinly sliced	produce
2 ripe avocados, sliced	produce
dry pinto beans	grocery
1 1/2 pounds boneless skinless chicken thighs (see Recipe Notes)	meat
2 large, juicy oranges, zested and juiced	produce
200 g Butter oder Margarine	condiments
3-4 medium onions, half red, half yellow, peeled and cut into quarters	produce
Mixed veggies, foursome from TJ’s	frozen
Hot sauce	condiments
Protein bars	grocery
tortilla chips	bakery
Iceberg lettuce	produce
cookiesssss	grocery
Sourdough	bakery
Vegan oyster sauce	condiments
1 cup quinoa (cooked according to package instructions)	canned
cheez its	grocery
pudding	grocery
saltine crackers	grocery
6 tablespoon Braggs aminos or tamari	grocery
1 jar apricot preserves	grocery
Fett für die Fritteuse	condiments
2 cups sugar (white)	bakery
15 oz bottle Zesty Italian dressing	grocery
triscuits	grocery
Chili Bean Mix	grocery
Waterkefir korrels	grocery
Candles 🎂	nonfood
french dressing	grocery
pancake syrup	grocery
powdered creamer	grocery
chocolate syrup	grocery
bacos	grocery
Ahornsiroop	grocery
for serving, as desired: charred white corn tortillas, cilantro lime rice, black beans, sour cream or cashew crema, pickled red onions, freshly chopped cilantro, queso fresco or cheese of choice, salsa of choice, winter citrus pico de gallo (see blog post above), lime wedges, etc.	grocery
1 cup mozzarella cheese	dairy
1 cup shredded parmesan cheese	dairy
16 ounces fully-cooked Italian sausage links, (or any fully cooked sausage links)	meat
Turkey deli meat	meat
1/2 cup fresh basil, thinly sliced	produce
1 (15oz.) canned white beans (We use cannellini beans)	canned
4 oz. sliced salami, cut into thin strips	meat
6 oz. mozzarella pearls	dairy
1/2 cup sliced pepperoncini, chopped	grocery
12 slices peameal	meat
Brisket	meat
1 cup Sliced Mushrooms	produce
ramen noodles	grocery
elbow noodles	grocery
1 cup Spinach, chopped	frozen
2 cups Fresh Tortellini, This can be found in the cold section of your store.	dairy
shredded Mozzarella, for topping	dairy
Biscuits	dairy
250g chicken thigh fillets	meat
Wildheidelbeeren	frozen
pinesol	nonfood
8 (28 ounce) cans whole peeled tomatoes	grocery
Sage	produce
1 cup mushrooms (any type)	produce
1 teaspoon of sesame oil	canned
4 mini baby bok choy or 2 baby bok choy, halved lengthwise (see Recipe Notes)	produce
Cracked black pepper, to taste	grocery
1  large red bell pepper, diced	produce
4 ounces pancetta, diced into 1/4-inch cubes	meat
1 (15oz.) canned garbanzo beans (chickpeas), drained & rinsed	canned
2 tablespoons pine nuts	grocery
16 ounces Brussels sprouts, trimmed & halved (roughly 12 ounces/2 cups trimmed)	produce
2 bell peppers, cut into chunks	produce
Protein Wraps	bakery
3 tablespoons red wine vinegar or lime juice	grocery
Tube of refrigerator rolls	grocery
2 tablespoon real vanilla	bakery
Sprechers Root Beer	beverages
0.5 cup unsalted sunflower seeds	grocery
Mexican oregano	spices
5 pounds baking potatoes, peeled and cut into 2-inch pieces	produce
1/3 cup candied pecans	bakery
1/2 a bunch of mint (15g)	produce
1 bunch of spring onions	produce
2 x 150g free-range skinless chicken breasts	meat
4 large free-range chicken thighs, skin on, bone in	meat
160g tenderstem broccoli	produce
2 x 6cm pieces of ginger (80g total)	produce
2 x 150g skinless free-range chicken breasts	meat
Popsicle - Lollipop	grocery
Popsicle - Pinups	grocery
String beans	produce
8 oz shiitake mushrooms	produce
2 yellow onions	produce
1 1/2 - 2 lb green beans-blanched 2 min	produce
Olives 🫒	produce
400 ml coconut milk ((14oz))	canned
4 cans sliced olives	grocery
hard paneer, cut into 2 1/2cm cubes	dairy
15g Crushed pistachios	grocery
2 can cream of mushroom soup	canned
2 cup chopped onions	produce
10 tablespoons unsalted butter, cold and cut into cubes	dairy
Turkey / chicken broth	canned
1/3 cup red wine vinegar, white wine vinegar, or champagne vinegar	condiments
1 cup pecans (broken or chopped)	baking
Steel cut oats	grocery
6 cups low-sodium beef, chicken, or vegetable broth	grocery
4 ounces provolone cheese (sliced)	dairy
Bières (pot)	beverages
30 slices of cheese (ched, swiss)	dairy
Burger patties	frozen
175 grams orange juice (scant 3/4 cup)	beverages
20g Dark chocolate (melted)	grocery
Orzo	grocery
Syrup	condiments
1/4 cup fresh lemon juice, from 1 large lemon (60ml)	produce
300g Macarrones	beverages
Potatos	produce
1/4 cup seeds (I used pumpkin, sesame and sunflower  (35g))	grocery
1 1/2 cups soft medjool dates ((200g))	grocery
Cupcake papers a16	nonfood
Piping tips g21	nonfood
1 teaspoon toasted sesame oil	grocery
2 large Roma tomatoes, finely chopped	produce
6 oz French green beans, trimmed	produce
2 cups Spanish rice or medium-grain rice, soaked in water for 20 minutes and then drained	grocery
1 cup herbs (parsley, basil, chives & coriander/cilantro)	produce
1 avocado	produce
Cupcake box g21	nonfood
Instant Ramen Bowls	grocery
Witte splitlinzen	grocery
Gele splitlinzen	grocery
Toaster Stroudels	frozen
1 cup sour cream (save half to drizzle on top)	dairy
1  lime (cut into wedges)	produce
Chips for Aaila	canned
Chicken for freezer	meat
Endive	produce
Freeze dried strawberries a26	grocery
Instant Mashed Potatoes	grocery
Foccia	bakery
4 small turnips, peeled and cut into wedges	produce
1 can (14 ounces) fat-free reduced-sodium beef broth	grocery
1tsp ginger, chopped or grated	grocery
Ratted	beverages
Medium Chili (Amy's)	canned
1 (28-oz.) can tomato puree	canned
1 lb. ziti rigate	grocery
Pank bread crumbs	grocery
Petite diced tomatoes 1	canned
Chezitz	grocery
Baked lays	grocery
Black Beans 12/24/25 - 2 1 Cup Bags	grocery
Chicken & Rice (Tasty Kitchen)	canned
Red Mustard Seeds	condiments
2 green onions, chopped (for garnish)	produce
1 tbsp fresh ginger, grated	produce
2 teaspoons fresh thyme, removed from the stems	produce
1 cup pineapple juice	canned
Brown Sugar Oatmeal jars	grocery
1/2 tsp black pepper omit for AIP	spices
Trader Joe’s Mediterranean Style Hummus, 16 oz tub	grocery
3 1/3 cups ruby Port	liquor
1/2 cup (packed) golden brown sugar	bakery
2 bags potatoes (white)	produce
Chocolate pudding mix	grocery
1 EL frischer Zitronensaft	spices
10 g Zimt	spices
300g (1 cup) icing sugar mixture	grocery
190g packet red glace cherries	grocery
800g pkt plain digestive biscuits, broken into large pieces	grocery
1 1/2 cup dried cranberries	grocery
1 cup lemon curd	grocery
1000g dark chocolate, chopped	grocery
250g scotch finger biscuits, chopped	grocery
400g butter, melted, plus 250g extra, chopped, at room temperature	dairy
4 1/2 cups all-purpose flour (plus extra for dusting)	grocery
250g white marshmallows, chopped	grocery
Optional: 1 teaspoon almond extract (for added aroma)	grocery
180 gm dark brown sugar	grocery
110g (1/4 cup) caster sugar	grocery
130g (1 cup) shredded coconut, lightly toasted	grocery
1000g white chocolate, melted	grocery
1 cup shredded coconut, toasted	grocery
250 ml hazelnuts, toasted, roughly chopped	grocery
150g (1/2 cup) pistachio kernels, coarsely chopped	grocery
150g mini meringues, chopped	bakery
12 teaspoons (10g) ground cinnamon	grocery
2 1/4 cup (90g) powdered sugar	grocery
3 3/4 teaspoons (10g) fine table salt	grocery
3 cup (200g) packed dark brown sugar	grocery
3 3/4 cups (300ml) milk (whole milk or 6% preferred)	dairy
3 large egg, at room temperature	dairy
3 tablespoon (8g) all-purpose flour	grocery
360g white chocolate, melted, cooled	grocery
600ml thickened cream, whipped	dairy
12 tablespoons (57g) salted butter, melted	dairy
9 oz (85g) cream cheese, softened	dairy
12 cups (568g) unbleached bread flour, plus more as needed for rolling and shaping	grocery
Organic extra virgin olive oil 3	condiments
boursin	dairy
Assorted Crackers	grocery
Proscuitto	meat
Microwave bacon	meat
Bacon Jam	grocery
Beef	meat
1 tbsp harissa	canned
200g cavolo nero shredded	produce
Franks in a blanket	frozen
24 cups Rice Krispies	grocery
4 (10-ounce) bag mini marshmallows, plus 4 cup (to keep aside for sprinkling in later)	grocery
worscestershire sauce	grocery
1/8 teaspoon crushed red pepper flakes ((more for extra spice))	grocery
1 Tbsp (15 g) tomato paste	canned
12 oz (340 g) crushed tomatoes or some sort of liquidy canned tomato product	canned
Garlic & Vermicelli Pasta Roni 1	grocery
Pampers sz 5	nonfood
Garlic & Olive Oil Vermicelli Pasta Roni 2	grocery
2 cups (370 g) soybeans, shelled	frozen
1 pint (1 lb | 455 g) cherry tomatoes, halved	produce
All spice	spices
Turkey lunchmeat	meat
Angel Hair Pasta with Herbs Pasta Roni 1	grocery
Mac & Cheese Deluxe	grocery
Potatoes?	produce
Açaí bowl	frozen
Minute Rice Microwavable Cups	grocery
1 pack of extra-firm tofu, drained and torn into pieces	grocery
Other fruit?	produce
Fish fingers	meat
Meat	meat
2 teaspoons ground flax meal	bakery
Sandwich chicken	meat
4  speklappen	meat
100 g varkensvet (- in blokjes)	meat
1 (8‑ounce) block cream cheese	dairy
400 g kipdijfilet	meat
50 gram ontbijtspek (plakken)	meat
4 stukken kipdijfilet	meat
3 packages of Mrs. T’s Cheddar Pierogies (frozen)	frozen
170 g brauner Zucker	bakery
3  Eiweiße (Größe M)	grocery
3 EL Honig	grocery
220 g Butter (weiche)	dairy
ca. 45 Stück Haselnüsse	produce
200 g Haselnüsse, gemahlen	bakery
125 Gramm Butter (kalt)	dairy
2 TL Lebkuchengewürz	spices
Abrieb von 1 Bio-Orange	produce
2  Ei(er)	grocery
250 Gramm Weizenmehl	bakery
1 Packung (ca. 340 g) weiße Schokotropfen	bakery
2 TL reiner Vanilleextrakt	bakery
5 Ei (Gr. M)	grocery
100 g Zitronat	bakery
90 Gramm Zucker	bakery
1 Ei (M)	grocery
1 mittelgroßes Ei	grocery
100 g Marzipanrohmasse	bakery
50 g Sahne	dairy
1 TL Zimt	spices
250  g Schmand (zimmerwarm)	dairy
2 Päckchen Vanillinzucker	bakery
3-4 EL Puderzucker (zum wälzen)	bakery
150  g Puderzucker, gesiebt	bakery
120  g Puderzucker zum Wälzen	bakery
5 EL Zucker	bakery
1 TL Vanilleextrakt	bakery
500 g Mehl (+ etwas für die Arbeitsfläche)	bakery
2 Eiweiß (Gr. M)	grocery
abgeriebene Schale von 1 1/2 Bio-Zitronen	produce
2 Eigelbe (Gr. M)	grocery
115 g Butter (zimmerwarm und weich)	dairy
250 g Butter, weich	dairy
Lunch veggie	produce
Other fruits/vegetables	produce
2 lb Rigatoni Pasta	grocery
1/2 c shredded pepper jack cheese	dairy
4 tblsp cream cheese, softened	dairy
Elstar Apfel	produce
Whipped coconut cream	dairy
Custard	canned
Fruit for trifle?	produce
Sweetcorn	canned
Schär product for trifle base	bakery
Dishwasher pods	nonfood
Banana	produce
1/4 cup dried onion flakes	canned
Ready Pasta 1	grocery
Sriracha	condiments
Chewy Protein Bars	grocery
3 Tbsp bourbon (Old Forester 1910)	liquor
2 and 1/2 cups (313g) all-purpose flour (spooned & leveled)	grocery
1/4 cup (4 Tbsp; 56g) unsalted butter, cut into 4 slices	dairy
1 stick butter (1/2 cup)	dairy
1 egg + 1 yolk	dairy
1 cup raw sugar	grocery
2 and 1/2 cups (300g) confectioners’ sugar	grocery
1 cup (150g) shredded apple (or shredded carrot/zucchini)	produce
3 oz semi sweet chocolate, chopped very fine	grocery
schwarze Pfefferkörner	grocery
Quinoa & Brown Rice microwave pack 4	grocery
Christmas tree	nonfood
String lights	nonfood
1 tsp. ground cumin	canned
3 dl vegaanista majoneesia Hellman's	canned
3 dl kaurakermaa	dairy
3/4 - 1.5 tl suolaa	grocery
Taquitos, el monterey, blue	frozen
Stirfry Noodles	grocery
1 lb Pork (ground or Pork Belly)	meat
1 cup milk (, cold)	dairy
1 large bay leaf	spices
Chilipulver	spices
0.5 TL Zitronenschale	produce
1 TL Garam Masala	spices
1 TL Kurkuma	spices
60 g Bulgur	grocery
214 (12 ml) teaspoons nonfat milk	dairy
topa chico	beverages
500g Carbon Neutral Beef Mince	meat
125 ml coriander leaves, chopped	produce
Avocado, diced, to serve	produce
300g can kidney beans, drained, rinsed	grocery
125 ml tomato salsa	grocery
Light sour cream, to serve	dairy
250 ml grated cheddar cheese	dairy
4 tablespoons chopped butterscotch chips	bakery
4 teaspoons vanilla bean paste	bakery
4 teaspoons vanilla bean paste or vanilla extract	bakery
2 cup lightly packed (200 g) light brown sugar	bakery
2 tablespoon pink peppercorns	bakery
2 cup packed dark brown sugar	bakery
4 1/2 cups (285 g) chopped milk chocolate	bakery
4 fresh bay leaves (or 4 dried bay leaves)	produce
1/2 cup/50 g golden granulated white sugar	bakery
1 cup/55 g ground hazelnuts	bakery
or hazelnut meal	bakery
4 cups powdered/confectioner sugar	bakery
2 (14-ounce/400 g) can sweetened condensed milk	bakery
Meat burrito	frozen
6 to 8 cups (or handfuls) thinly sliced Napa cabbage (250g) OR 2 medium bell peppers, thinly sliced (see Note 4)	produce
Diet mountain dew	beverages
2 8oz Cans (16 oz total) of Tomato SAUCE	canned
1 Onion (or 3/4 c. diced onion)	produce
Kombu vellen	grocery
1 teaspoon fresh ginger, grated (or 1/2 teaspoon ground ginger)	grocery
Bread yeast	grocery
537g basmati, (3 cups)	grocery
1/2 cup (80 ml) soy milk	dairy
1 1/2 cups (180 g) whole-wheat flour	baking
1 3/4 (210 g) cups all-purpose flour, divided	baking
Halloumi/Feta	dairy
Aperol Aperitivo	liquor
DAS Mandelmus (braun)	nonfood
2 cup (213g) packed brown sugar	bakery
2 cup (200g) granulated white sugar	bakery
5 12oz box of GF spaghetti	grocery
4 quart seafood or chicken stock	grocery
1/2 cup cooked & crumbled sausage	meat
3/4 cup pizza sauce	canned
fresh rosemary sprig ((you will probably need about 2 - depending on how long they are))	produce
1 cup whole berry cranberry sauce ((not jellied))	produce
8 ounce crescent dough sheet ((or crescent rolls))	dairy
45 slices pepperoni	meat
6 pounds salmon, preferably wild, skin discarded and cut into 1 1/2-inch pieces	meat
1 (32-oz.) jar marinara sauce	canned
1 (6-oz.) pkg. pre-shredded low-moisture part-skim mozzarella (about 1 1/2 cups), divided	dairy
1 (5-oz.) pkg. fresh baby spinach	produce
1/2 cup pre-grated Parmesan cheese (about 2 oz.), divided	dairy
1 (20-oz.) pkg. frozen ravioli (such as Rana), unthawed	frozen
W - Congee	grocery
200g (2/3 cup) condensed milk	canned
125g (1/2 cup) unsalted butter	dairy
125g (1/2 cup) unsalted butter, room temp	dairy
175g (1 + 1/3 cup) plain flour	grocery
1 large White Potato, diced into small cubes (approx 300g/10.5oz)	produce
1 tsp finely diced Fresh Parsley	produce
1/4 cup / 60ml Heavy/Double Cream	dairy
15 g (1/2 oz) butter	bakery
225 g (8 oz) boneless cooked chicken, chopped	meat
300 ml (1/2 pint) chicken stock	canned
5 ml (1 tsp) lemon juice	produce
5 ml (1 tsp) mild curry powder	spices
200g (7 oz) good quality milk chocolate	grocery
1 loaf GF bread	grocery
Meatballs	meat
Lenguica Calabresa	meat
Roasted Garlic & Smoked Sausage	meat
400 g Tomatenstückchen (Dose)	canned
Turkey Breast	meat
4 garlic cloves , finely chopped	produce
250 g / 4oz  Chang’s Pad Thai dried rice sticks (Note 1)	grocery
4 tbsp fish sauce (Note 3)	condiments
4 – 3 tbsp vegetable or canola oil	condiments
1/2 cup garlic chives , cut into 3cm / 1 1/4″ pieces	produce
3 tbsp tamarind puree , NOT concentrate (Note 2)	condiments
300 g/5oz  chicken breast (or thigh) , thinly sliced	meat
3 tbsp oyster sauce (Note 4)	condiments
1 Lit'l Smokies (not the canned version)	meat
3 Mega Bowl Turkey with Mash Potatoes	frozen
4 Mega Bowl Country Fried Chicken	frozen
kasuri methi	grocery
Goodles mac and cheese gouda	canned
Sun chips	grocery
Chocolate milk	dairy
4 oz Diced Pancetta	meat
1 Shallot, diced	produce
3/4 tsp. ground cinnamon	spices
1/2 cup finely chopped nuts	produce
3/4 cup (100g) very finely chopped dried cranberries (such as Craisins)	baking
2/3 cup (133g) granulated sugar, plus more for rolling	baking
Royal Icing, Easy Glaze Icing, or Cookie Buttercream (royal icing is pictured)	baking
2 Tablespoons (30ml) orange juice	beverages
1 cup (120g) confectioners’ sugar, sifted	baking
2 tsp. ground ginger	spices
2 Tbsp. mild molasses	spices
optional: coarse sugar for rolling, such as this sparkling sugar	baking
1 teaspoon orange zest	produce
1/2 tsp. baking soda	baking
1/4 teaspoon almond extract (optional, but makes the flavor outstanding)*	spices
1 tsp. almond extract	spices
1/2 tsp. salt	spices
Assorted sprinkles	baking
1/4 C Vermouth	liquor
Basil leaves	spices
Thyme leaves	spices
Oregano leaves	spices
MSG	spices
Montreal steak seasoning	spices
Dill weed	spices
1/2 pound margarine	dairy
2 and 1/4 cups (281g) all-purpose flour (spooned & leveled), plus more as needed for rolling and work surface	baking
Ground cayenne pepper	spices
2 cups SR flour	baking
8 8 in Flour Tortillas	grocery
2 C Mexican Blend Cheese, shredded	dairy
1 15 oz Corn, drained and rinsed	frozen
1 15 oz Black Beans, drained and rinsed	canned
2 cups + 2 Tablespoons (265g) all-purpose flour (spooned & leveled)	baking
1 C Uncooked Orzo Pasta	grocery
1 C Marinara Sauce	grocery
1 Large Bell Pepper, chopped	produce
1 1/2 C Low Sodium Chicken Broth	grocery
1 pound ground chicken	meat
1 tablespoon greek yogurt	dairy
Red / Green sugar sprinkles	baking
crumbled feta	dairy
fresh dill and mint	produce
diced cucumber and tomato	produce
1 cup grilled corn kernels ((about 2 ears))	frozen
1 cup crumbled blue cheese or cubed cheddar	dairy
1 cup cherry tomatoes, sliced	produce
1  avocado, chopped	produce
1/3 cup fresh cilantro, chopped	produce
3 tablespoons fresh basil	produce
Digourno woodfire pizza	frozen
Soja texturizada	meat
Pastrami	meat
Piece of CACK	bakery
Chimichangas	frozen
Pizza Rolls	frozen
Honey Baked Ham	meat
1 (1-oz.) pkg. dried onion soup mix	grocery
8 skinless boneless chicken thighs (about 2 lbs.)	meat
8 ounces sliced fresh mushrooms	produce
3.5 ounce jar of drained capers	grocery
2 cups freshly grated cheddar cheese	dairy
8 ounces cheddar cheese (grated)	dairy
12 ounces about 6 cups uncooked medium egg noodles	grocery
1/4 cup sliced green onion	produce
1/2 cup breadcrumbs	grocery
1 pound lean ground beef	meat
1 lb. uncooked boneless, skinless chicken breasts, diced	meat
1 (10.5-ounce) can condensed cream of chicken soup	canned
1 (28-oz.) pkg. frozen diced hash brown potatoes with onions and peppers, thawed	frozen
1 (32-oz.) pkg. frozen fried potato nuggets	frozen
1 (8-oz.) container sour cream	dairy
1 (8-oz.) pkg. shredded Mexican cheese blend	dairy
1 1/2 cup shredded smoked cheddar cheese (6 oz.)	dairy
1 cup chopped green bell pepper and/or red bell pepper	frozen
2 pounds skinless, boneless chicken breast, sliced into cutlets	meat
2  cans (10.5 ounces each) condensed cream of chicken soup	canned
10.75 oz can condensed cream of mushroom soup	canned
1  (4 ounce) jar diced pimentos, drained	canned
1  diced medium onion	frozen
Cooked crumbled bacon ((optional))	meat
2 pounds Yukon gold potatoes (peeled and cut into 1/2-inch chunks)	produce
2 cups pepper jack cheese (shredded)	dairy
2 cups mozzarella cheese, shredded	dairy
2 cups crushed Doritos (I used Nacho Cheese flavor)	grocery
2 (6.5 ounce) pouches yellow cornbread mix	grocery
1/2 cup freshly grated parmesan cheese	dairy
1 (10.75-oz.) can condensed cream of chicken with herbs soup	canned
1 (14  ounce) can black beans (drained &amp; rinsed)	canned
1 (14 ounce) can  diced tomatoes (with juices)	canned
1 (15.5 ounce) jar salsa (use your favorite kind)	grocery
1 (32-oz.) jar pasta sauce	canned
1 1/2 lb. skinless, boneless chicken breast, cut into bite size pieces	meat
1/2 cup Parmesan cheese, grated	dairy
1 cup nonfat plain Greek yogurt (plus additional for serving)	dairy
1 can 2% evaporated milk ((12-ounces)  )	canned
2 cups uncooked elbow macaroni pasta	grocery
1 cup shredded sharp cheddar cheese (plus additional for serving)	dairy
1 (15.25 ounce) package yellow cake mix	grocery
2 (21 ounce) cans apple pie filling	canned
Mini Choc. Chips	grocery
Dark Choc. Chips 2x	grocery
Cool Whip 2x	frozen
Bean and Cheese Burritos 3x	frozen
Baking Chocolate	grocery
Fairlife Core Power protein shakes (27g protein)	canned
1 apple	produce
1 3-4lb boneless pork shoulder aka pork butt	meat
1 lb. Andouille Sausage Links, sliced into 1/2-inch pieces	meat
3 C Cooked Rice	grocery
1 1/2 lb. Chicken Breasts, diced into 1-inch pieces	meat
1 Green Pepper, diced	produce
1 tbsp Cajun Seasoning	grocery
1 can Crushed Tomatoes	canned
1 1/4 cups freshly grated pecorino cheese	dairy
Vanilla Protein Shakes w/ 20g+ protein	canned
1 lb. Boneless Skinless Chicken Breast	meat
1/2 C All Purpose Four	grocery
7 tbsp Butter, diced	dairy
Table Salt	spices
1 8 oz Can tomato with Chilies	canned
1 1/2 lb. Boneless Skinless Chicken Breast, cut into pieces	meat
1/3 C Low Sodium Soy Sauce	grocery
2 roasted bell peppers, sliced	produce
1/2 cup basil pesto	produce
1 pound boneless skinless chicken tenders	meat
1 1/2 cups cheddar cheese, cubed	dairy
1 lb. Sausage	meat
Brats	meat
Seaweed snacks	grocery
Kefir - plain	dairy
1/2 tsp turmeric	nonfood
Zha cai	canned
1 cup fresh cilantro leaves	produce
2 cloves garlic (peeled)	produce
Roast chickpeas - or chickpeas to roast	canned
Non-starchy vegetable to roast	produce
Couches	nonfood
ginger powder	nonfood
ground almonds	nonfood
chicken tikka paste	nonfood
1/2 tsp English mustard	nonfood
Muffins or bread advisory	bakery
1/4 cup lime juice (from about 2 large limes)	produce
Snacks for swim team	grocery
1 cup shredded carrots (bagged or cut into matchsticks for excellent crunch!)	produce
4 cups shredded green cabbage	produce
3/4 cup freshly diced cilantro	produce
Ibroprofen	nonfood
1 red bell pepper, thinly julienned	produce
2 cloves garlic, finely minced	produce
1/2 cup corn (I prefer fire-roasted)	frozen
Naut	canned
1 cup vegetable broth, or water (approximately)	grocery
1 (14-ounce) can diced tomatoes	grocery
1 small onion, finely chopped (about 1 cup)	produce
1 small yellow onion, or 1/2 large	produce
1 tablespoon instant yeast	grocery
• 100 g (3.5 oz / 1/2 cup) baking chocolate - 54-64% cocoa solids	grocery
• 300 ml (10 oz / 1.4 cups) heavy cream - full fat, 30-35%	dairy
Linte - conserva	canned
3 (15-ounce) can kidney beans, drained and rinsed	grocery
dairy free milk	dairy
Bday gift wrap	nonfood
Optional: sesame oil, chili flakes, toasted sesame seeds	grocery
1 tbsp freshly chopped flat-leaf parsley	produce
3 tbsp sunflower oil or goose fat	condiments
1 tbsp runny honey	grocery
1 large onion (finely chopped) – Adds sweetness and depth of flavor.	produce
1 tbsp olive oil or butter – For sautéing the onions.	condiments
2 garlic cloves (minced) – Enhances the savory taste.	produce
1/2 c. dried, unsweetened cranberries	produce
1/4 c. apple juice	beverages
1/4 c. maple syrup	grocery
8 slices thick-cut bacon, chopped	meat
2 green apples, diced	produce
2 red apples, diced	produce
2 tbsps rosemary, chopped	produce
4 tbsps basil, chopped	produce
Grated zest of 1 lemon – Adds a touch of citrus brightness.	produce
1/2 teaspoon (4 g) baking soda	bakery
4 pounds (about 2 kg) russet or Yukon Gold potatoes, peeled and cut into quarters, sixths, or eighths, depending on size (see note)	produce
5 tablespoons (75 ml) extra-virgin olive oil, duck fat, goose fat, or beef fat	condiments
Small handful fresh parsley leaves, minced	produce
500g carrots, peeled and cut into batons	produce
1 apple (peeled and grated) – Adds a hint of sweetness and moisture.	produce
1 large egg (beaten) – Binds the ingredients together.	dairy
150g fresh breadcrumbs – Adds texture and structure to the stuffing.	grocery
50g chopped nuts (such as walnuts or chestnuts) – Adds a crunchy texture.	grocery
12 tablespoons unsalted butter , melted and cooled	dairy
3/4 cup packed (5 1/4 ounces/149 grams) dark brown sugar	bakery
3 cups (15 ounces/425 grams) all-purpose flour	bakery
moose track ice cream	frozen
Coriander Powder	spices
Cooking Oil	grocery
4  Father Sam's 80-calorie Low Carb Wheat Wrap	grocery
5 pound gf dried short pasta, such as macaroni	grocery
Eggplant	produce
Capri Sun	beverages
mini bags of potato chips	grocery
2 cups easy enchilada sauce, (divided)	grocery
Iodized Salt	spices
Black Peppercorn	spices
Maggi Seasoning	spices
8 tablespoons Parmesan cheese ((grated; optional))	dairy
64 ounces frozen broccoli florets	frozen
Bayleaf	spices
Poultry Seasoning	spices
Za-Tar	spices
Cilantro	spices
Coriander	spices
1  spiral ham (approx 7-9 pounds)	meat
1/2 cup pineapple juice (or orange juice)	beverages
Allspice	spices
200g / 7 oz  spiral pasta ((or other pasta of choice))	grocery
John and Janet’s trail mix	grocery
Stückige Tomaten	canned
Döner	meat
Urad Dal	grocery
2 tablespoons tomato sauce (ketchup)	grocery
Plant based cream	dairy
Melted Chocolate	grocery
Coconut cream - Brighton foodland health section	canned
Dark chocolate melts	grocery
McCormick Roasted Garlic and Herb Seasoning	grocery
gluten free garlic bread	frozen
beabsprouts or stir-fry selection veg	produce
Brusel	frozen
2 lbs boneless, skinless chicken thighs (cut into 1-inch pieces. )	meat
Bananen	produce
1 lb Sirloin steak  (cut into 1-inch cubes. )	meat
fresh parsley, if desired	produce
2 pounds carrots, peeled and cut into sticks	produce
Yoghurtjes Jeroen	dairy
Chive	spices
Ground Sage	spices
1 medium leek, white and light green parts only, sliced	produce
1 medium carrot, diced	produce
Ontbijtjes	dairy
Adobo	spices
Chinese Chicken Stock	spices
Greek Seasoning	spices
Nutritional Yeast	spices
Vanilla Bean	bakery
GF Flour	bakery
Tapioca Starch	bakery
47g/Lettuce, romaine or cos - 1 cup, chopped	produce
Nescafé Ice Roast	grocery
10 tablespoons chickpea flour (or other flour)	grocery
1/8 teaspoons chili flakes, or cayenne pepper	bakery
bacon bits	grocery
Mushroom Umami Seasoning	spices
Red Pepper Flake	spices
3/4 cup milk (use what you drink)	dairy
1/2 teaspoon white peppercorn	spices
2 teaspoons coriander seeds	spices
Walnut cakes	grocery
Emmentaler	dairy
Sahne steif	bakery
Trader Joe’s Butter Chicken with Basmati Rice	frozen
sauce huitre	condiments
sauce soya dark	condiments
chinese 5 spice	condiments
huile de sesame grille	condiments
gingembre	produce
oignon jaune	produce
oignon vert	produce
huile de sesame	condiments
sauce soya light	condiments
ssamjang	condiments
sauce poisson	condiments
egg white fritatta	frozen
Silk creamer	dairy
Granatapfel	frozen
hamburgers	frozen
Honey Nut Cheerios ($2.80 off)	grocery
Onion Powder (to taste)	spices
Pepper (to taste)	spices
Salt (to taste)	spices
6 oz box Stove Top Chicken Stuffing Mix	grocery
All-Purpose Seasoning or Your Choice of Chicken Seasoning	spices
Sauerkraut (to taste)	produce
Garlic jalapeno seasoning to taste (Heath Riles brand)	spices
Italian Seasoning (to taste (or seasoning of choice))	spices
Garlic Truffle Seasoning (To Taste)	spices
1 teaspoon dry mustard	spices
Horseradish	grocery
diapers size 3	nonfood
1/2 teaspoon dried dill (or to taste)	spices
Sweetest batch blackberries	produce
400 g Lauch	produce
Pain	bakery
Tomatend passiert	canned
Biscuit mix	grocery
Everything Bagel	spices
Fish oil (Omega 3) with 300mg of EPA + DHA / day	nonfood
Northwoods	spices
Croutons-Bulk section	grocery
French Tarragon	spices
Aleppo Pepper	spices
Romaine lettuce- Lg. Bag	produce
Avacodos-4	produce
Romain Lettuce-Chooped Lg. Bag	produce
225 grams paneer (cut into cubes)	dairy
elbow macaroni	grocery
Pepper sechuan	condiments
Lemon Luigi’s	frozen
vegane schwedische Gerichte  --> IKEA	frozen
Sellerieknollen -> Türken	produce
Farine 100gr	grocery
Walnut cheese	grocery
Kirkland Wild alaskan fish oil	nonfood
Sweet pickled beets	canned
Turmeric Powder	spices
Hot Curry	spices
Was für do mittag	bakery
Epazote	spices
Arizona	spices
Greek	spices
Zaziki	dairy
Walnut nutbars	grocery
1 Pakchoi	produce
15 Gramm Ingwer	produce
1 Glas Spargel	canned
1 Dose Erbsen	frozen
Pastinaken	produce
1 recette de boulettes de poulet et de ricotta, cuites et chaudes	meat
Rosinenstuten	bakery
Chili oil	condiments
Pomegranate seeds, for sprinkling	produce
Spargelkartoffeln	produce
Celery Salt	spices
Paprika (Smoked?)	spices
Cayenne Powder	spices
Red Pepper Cayenne	spices
Kapern	canned
1 cup yellow corn meal or corn flour, 120 grams	bakery
2 Cups full-fat, organic coconut milk	dairy
Chimichuri Blend	spices
Vinegar, red wine	grocery
Appenzeller Cheese	dairy
1 package (14 oz / 400g) coleslaw mix (shredded cabbage and carrots) OR 4 cups shredded green cabbage + 1 cup shredded carrots	produce
Whole Red Pepper	spices
Wortel	produce
Sunny Paris	spices
Hot Chocolate Mix	spices
1/2 cup fresh or frozen blueberries	produce
Ground Cumin Seeds	spices
4 (15-ounce cans) chickpeas (drained with liquid reserved)	grocery
3/4 cup lemon juice (from 2 lemons)	grocery
1 cup unsalted butter (2 sticks)	dairy
Cardamom Powder	spices
Poultry	spices
Cajun	spices
1/2 cups unsweetened coconut milk	dairy
Tajin	spices
Chicken n Fish Seasoning	spices
Cauliflower	produce
Kosher salt and freshly ground black pepper	spices
Sandwich Sprinkle	spices
Trader Joe’s Bruschett, 2 jars	grocery
plantains	produce
7.5 pounds boneless pork shoulder, cut into 4-inch pieces	meat
2 tbsp dill, chopped	produce
Veg	grocery
Rice (1kg for 52p => ~6p) or jacket potato (4 for 79p => 20p)	produce
Walnut deserts	grocery
Food Life Balanced Beef Stew- 2 Pouches	canned
Campbell's Chicken Noodle	canned
Cinnamon ground	spices
2 cup tahini	grocery
60 slices sandwich bread	grocery
Baking spread	dairy
Spreadable butter	dairy
Strawberry Actimel	dairy
Quorn pieces	frozen
3 3/4 cup dry white wine or chicken stock	grocery
1 tbsp butter (for greasing)	dairy
mint, 1 sm container	produce
Callie wet food	nonfood
Lots of salsa	grocery
7 Tbsp Bragg's Aminos	grocery
9 cups dry sushi rice	grocery
Italian dressing, to taste	condiments
1/2 cup vodka , divided	liquor
1 3/4 cup Gluten-free hoisin sauce	grocery
7 pound chicken thigh meat	meat
56 oz bagged coleslaw mix	produce
golden mountain	condiments
Mayonaise-Dukes	canned
2 cups almond meal	bakery
citron	produce
12 cups shredded cooked chicken	meat
21 ounces oil-packed sun dried tomatoes (, drained and chopped)	grocery
2 Tablespoons (30g/ml) fresh orange juice	produce
420g (2 1/2 cups) rice	grocery
1 tsp chopped dill	produce
swim team snacks	grocery
brocolli	produce
df chocolate chips  (not absolutely needed yet)	grocery
7 (8-ounce) can whole water chestnuts (drained and diced) or sub baby corn	grocery
4 whole-wheat pita breads	bakery
8 (15.5 ounce) cans black-eyed peas	grocery
Crunchy snack items	grocery
Red Kraut	produce
1 teaspoon ground fenugreek	grocery
1/4 teaspoon cloves (optional)	bakery
1 (1 1/2  ounce) envelope   taco seasoning mix	grocery
Biscotti	frozen
Angebot: Hähnchenschenkel	meat
Pita crackers	grocery
30+ Drumsticks (Freddy's)	meat
Exotic sweet chilli	grocery
Coconut milk,  trader joes	grocery
custard bun	frozen
2 tablespoons fresh ginger (grated)	grocery
2 lb (900g)  chicken thighs	meat
dried seaweed	grocery
1 (8-ounce) package buckwheat noodles, cooked according to package directions and drained	grocery
1/2 cup/120 ml coconut milk or whole milk	dairy
cereal	grocery
lemon poppyseed	bakery
cocombre salade	produce
狗牙	grocery
beef jerky	grocery
daikon	produce
protein bar	grocery
oreo/milano	grocery
granola	grocery
pepperjack	dairy
La Croix Orange	beverages
fuji/pink lady/gala/meta apple	produce
1 cup oat flour	baking
paratha	frozen
5spice	grocery
1.2 kg / 42 oz (4 medium) aubergines	produce
carottes	produce
OLIO DI SEMI q.b.	canned
Silan	grocery
1/4 cup unsweetened applesauce	grocery
Pinch of ground nutmeg	spices
1 tablespoon chia seeds	bakery
1 teaspoon maple syrup (optional)	bakery
• Salt and pepper to taste	spices
2 tbsp Honey (Your preferred natural sweetener).	bakery
• Protein: 4–6 fresh herring fillets (skin on).	frozen
• The Fat: 2 tbsp Fody Garlic Infused Olive Oil.	bakery
1/4 cup chia seeds, black or white variety	bakery
1/2 cup granola, low-sugar variety	bakery
1/4 cup Cacao Nibs & 2 tbsp Ground Flaxseed.	bakery
• Herbs: 1 tbsp fresh parsley and 1 tsp dried oregano.	spices
1/2 tsp Ceylon Cinnamon & a pinch of sea salt.	spices
• 1 cup Activated Native Texas Pecans (Sea salt or preferred flavor), roughly chopped	bakery
• The Acid: Juice of half a lemon + lemon zest.	produce
1/2 tsp Ceylon Cinnamon: Adds a "sweet" perception without sugar.	spices
Pinch of Sea Salt: Balances the sweetness.	spices
poivre de sichuan rouge	condiments
Kind bars (Julian)	grocery
Bear paws?	grocery
1 1/3 cups (170g) all-purpose flour (spooned & leveled)	bakery
3/4 cup (about 185g) creamy peanut butter (see note)	grocery
1/4 cup (60ml) milk (dairy or nondairy)	dairy
105 gr de cebolla morada	produce
135 gr de pimentón rojo	produce
9 gr de menta	spices
21 gr de perejil	spices
9 gr de albahaca	spices
1 ounce dried porcini mushrooms	produce
120 g Dinkelmehl (oder weniger für weniger kcal)	bakery
Drano	nonfood
4 tablespoon Dijon mustard (or one additional tablespoon olive oil)	grocery
1 tsp dried thyme (or 1 tbsp minced fresh thyme, optional)	grocery
1 tsp dried rosemary (or 1 tbsp minced fresh rosemary, optional)	grocery
Lance crackers	grocery
2-3 vegan sausages (check freezer)	meat
30 bratwurst sausage	meat
12 tablespoons gf all-purpose flour	grocery
188 gr de papa	produce
eingelegte Zwiebeln groß - zum Naschen	canned
Garlic Bread	frozen
Baked Potatoes	produce
40 gr de romero	spices
2 jars jam (one strawberry, one marmalade) (NAMI walk)	dairy
1 package firm Tofu	meat
1 bottle dijon mustard (BLT's)	grocery
Siracha	condiments
Red boat fish sauce	condiments
Pinch cayenne pepper, or to taste	spices
Gemüse nach Wahl, z. B.:	produce
Salsa or pico de gallo, for serving	dairy
6 cups powdered sugar (sifted)	grocery
Lettuce for Veggie Burgers	produce
100 g Sojaschrot (gemahlene Sojabohnen)	grocery
1 EL Rotweinessig	grocery
3 EL natives Olivenöl extra	grocery
300 g rote Linsen	grocery
Pfeffer	spices
Schabizer Gewürzsalz	spices
Meersalz	grocery
2 Eiweiße	grocery
natives Olivenöl extra	grocery
Carpaccio	meat
1/4 TL Chilipulver (optional)	spices
2 TL Korianderpulver	spices
1 EL Mehl oder glutenfreies Mehl*	grocery
1 TL Kreuzkümmel	spices
Meersalz nach Geschmack	grocery
Asian veggies to go with bulgogi	frozen
Sprouts	produce
800 g Dosentomaten (abgetropft)	canned
25 g frischer Dill	produce
Spaghetti	grocery
White wine vinegar (check w/kait)	grocery
6 cup GF breadcrumbs	grocery
4 cup GF AP flour	grocery
6 bags frozen corn	frozen
3 almond milk, unsweetened	dairy
Lentils	canned
Kombucha (optional)	beverages
5 lbs greens beans	frozen
Flaxseed meal	bakery
Few shakes of ground black pepper	spices
Hot & fiery	meat
3 verduras mezcla	frozen
Peppercorns	grocery
1  bell pepper (any color) ($1.48)	produce
GF Bread or crusts	grocery
1 jar white sauce	grocery
1 teaspoon lime zest	produce
Red Chillie Powder (Kashmiri)	grocery
Corriander Powder	grocery
cooked jasmine rice (p 304), to serve	grocery
4 to 6  Pete and Gerry’s Organic Eggs	dairy
bacon- microwave	meat
Coco Lopez (for pina coladas)	nonfood
nutmeg (for pina coladas)	spices
2 Real Fruit Gummies	nonfood
3 tablespoons homemade taco seasoning ((or 1 store-bought package))	spices
1/2 teaspoon kosher salt, (plus more to taste)	spices
Balsamic reduction, for serving	nonfood
kosher salt and black pepper	spices
6 quart chicken or vegetable broth	grocery
1 cup red bell pepper (medium dice, $1.48)	produce
-1 tsp miso paste	spices
Corn on cob	frozen
Vinaigre blanc	nonfood
100 ml Brühe	canned
Pq	nonfood
▪️Juice of 1 lemon	produce
Tapenade	grocery
Kürbiskernbrötchen (2)	grocery
Velveeta Mac And Cheese	grocery
200g cooked puy or beluga lentils	grocery
1/2 cup raw macadamia nuts	grocery
1 cup chopped raw cashews	grocery
1 cup cassava flour	baking
250 ml Kokosnussmilch	canned
1/4 of a Lemon juice	produce
2 cups Veggie broth	grocery
1/4 cup fresh herbs (dill, thyme, etc.)	grocery
1 cup vinegar (see notes)	grocery
4 springs fresh dill	grocery
Sugar-free Liquid IV for Lexy	grocery
1 cup raw pumpkin seeds	grocery
2 tablespoons flaxseed	bakery
Lettuce, romaine (for turkey wraps)	produce
Chicken cornstarch breading	grocery
Pickles, sweet	canned
1 Mais	canned
1 Ramennudeln 450 g (vorgekocht)	canned
1 Röstzwiebeln	canned
Belvitas	grocery
2 teentjes knoflook	grocery
1 bosje bosui	grocery
1 gele paprika	grocery
1 rode paprika	grocery
2 handjes tomaatjes	grocery
Teabags	beverages
Toetjes	dairy
Krieltjes	grocery
Pizzen	frozen
2 pumpkin	canned
▫️500g gnocchi	grocery
Sla	produce
2 packs of extra-firm tofu, drained	grocery
Bulgur wheat (130g)	grocery
Salad Cream	dairy
Flour (Costco)	grocery
Lettuce Wraps	produce
2 tablespoons (12 g) wheat gluten	baking
1/4 tsp turmeric powder optional for color	spices
Apfelschorle	beverages
Monster Energy	beverages
Repollo	produce
Taco Toppings	produce
2 cups (240 g) soy flour	baking
5 cup corn kernels	frozen
Chocolade	canned
1/2 tsp pepper omit for AIP	spices
Yaourts natures	dairy
2 tbsp. minced ginger	produce
Yaourts vanille	dairy
Lait demi-écrémé x4	beverages
1 tablespoon whole cloves - to simmer in glaze and stick into the ham	bakery
Moutarde	canned
Pot compote	canned
2 bags colored peppers	produce
Mayonnaise, for serving	grocery
Lacura wipes	nonfood
10 (10-inch burrito size) flour tortillas (use gluten free, if needed)	grocery
Echten multivitamin saft	beverages
Geriebener Emmentaler	dairy
Bread live carb smart	bakery
Boneless thighs	meat
Turkey rolls	meat
citronella	nonfood
Sandwatch meat	meat
Danimals	dairy
Lamb weston 1+1	frozen
Verse pasta en saus 1+1	grocery
lao gan ma	grocery
df Buter	dairy
Tomatillos	produce
Angel Hair Cabbage	produce
baby cheetos	grocery
4 almond mlks	dairy
3 cups blueberries fresh or frozen	produce
16 ounces (455 g) pasta (rotini, farfalle, or elbow)	spices
2 bags carots	produce
2.5 (3-pound) corned beef brisket	meat
doritos	grocery
oatmilk	dairy
water bottle case	beverages
6 teaspoons Dijon or coarse ground mustard	grocery
2 cups soy milk	dairy
1/2 cup creamy Caesar dressing	grocery
Verspaket	grocery
slivered almnds	grocery
454 g de poitrines de poulet	bakery
3/4 cup (225 g) omega-3-rich margarine	dairy
1/2 cup (60 g) walnuts, chopped	grocery
1/2 cup (80 g) raisins	bakery
1/2 cup (60 g) flaxseeds, finely ground	bakery
2 cups unsweetened soy milk	dairy
2 tablespoons roasted red pepper	produce
1 teaspoon cinnamon (optional, for extra warmth & blood sugar support)	spices
3/4 teaspoon kosher salt divided	spices
1 1/2 tsp cinnamon divided	spices
1/4 cup unsweetened apple butter (I use Eden Organic apple butter.)	grocery
Optional: 2/3 cup chopped walnuts	bakery
1 cup cornmeal	bakery
Beets	produce
Juice of 4 limes	produce
1 teaspoon smoked sea salt	spices
3 cups pitted cherries, fresh or frozen, halved	produce
Juice of 1/2 lemon	produce
Additional seasonings of choice such as black pepper, chili, onion powder or garlic powder	spices
1/2 cup sunflower seeds, raw	grocery
1 teaspoon fresh thyme leaves	produce
2 cups fresh or frozen and thawed blackberries	produce
30 (10-inch) flour tortillas	grocery
Toppings: 2 tubs salsa, one mild, one spicy	dairy
1/3 cup flax seeds whole, raw + 2 tablespoons flax meal	grocery
6 pounds shrimp (peeled and deveined (leave tails on))	meat
1 tablespoon chipotle chili powder (use ancho chili powder or paprika for a milder option)	grocery
2 1/3 cup BBQ sauce (more if needed)	grocery
50 g rasp	bakery
Savon fiel	nonfood
For 6 servings	produce
150g of Emmental	dairy
gluten-free bread	grocery
cupcake frosting 2	grocery
45+ taquitos	frozen
Premade Guac	produce
36 (6-inch) corn tortillas	grocery
36 hamburger buns	grocery
Papas	produce
Blue Cheese dressing	produce
Almound Milk	dairy
▢ 3/4 tsp ground allspice (sub mixed spice)	grocery
▢ 1/2 tsp cayenne pepper (reduce/omit for less spicy – Note 4)	grocery
Savon liquide neutre 1L	nonfood
Gâteau good goût chocolat	grocery
cherry peppers	canned
Boerewors: 11 pieces (1.256kg) (For a Bring and Braai)	meat
IJsjes	frozen
Cukes	produce
Pim's	grocery
1  can (21 oz) cherry pie filling	grocery
Benco	grocery
Oyster sauce	grocery
gache nature	bakery
Multigrain cheerios	grocery
3 c corn, cooked	frozen
Vogerlsalat	produce
Raw cashews (unsalted)	grocery
Liégeois au café Andros Lait d'Amande	dairy
Activia Citron	dairy
Oignon rouge	produce
Fresh blueberries, 1 carton	produce
Fresh raspberries, 1 carton	produce
1/4 teaspoon red-pepper flakes, plus more to taste	produce
Chicken tamales	frozen
10 oz. of broccoli florets - steamed & chopped	produce
Crème fraiche liquide	dairy
4 tablespoons lime juice (from 2 limes)	produce
Κρεμμύδια	produce
Moutarde jaune	grocery
Café	grocery
Oyster Mushroom	produce
Microwave rice	grocery
1/3 cup rice wine vinegar	grocery
39.5w x 6.5d x 35-40h inches table for hallway	nonfood
Ground Turkey	meat
Miropeox	produce
Coaster	nonfood
250 ml kaurakermaa esim. Kauraruoka*	dairy
75 ml dark soy sauce	grocery
3-4 cups vegetable broth (see Notes)	grocery
Jar Ginger (or normal if can't find)	grocery
lehtikaalia	produce
3 valkosipulinkynttä	produce
Protein milk	dairy
22.50 potatoes, Mini Petite Spudlings	produce
Cuties	produce
gherkins	canned
Nutella	grocery
Rooibos	beverages
Tortellini	dairy
Black beans (canned)	grocery
Chickpeas (dried)	grocery
8 Tablespoons lime (or lemon) juice	grocery
6 15-ounce can black beans (drained and rinsed)	grocery
1 1.3-ounce packet taco seasoning (about 4 Tablespoons)	grocery
Salsa (medium & mild)	dairy
3 cup cashews (soaked in hot water for 30 minutes)	produce
5 lb salmon (cooked and flaked (See Note 1))	meat
Fritos! (for garnish)	grocery
Mustard & Ketchup	grocery
Apple Sauce C.S.	grocery
118 milliliters extra virgin olive oil ( 1/2 cup)	grocery
Houmous pour le pot	grocery
Houmous pour le volley	grocery
Lait 1/2 L + 1/4 L (37,5 cL)	beverages
Garniture diverse (poivrons, chèvre, courgettes (à cuire avant pour ne pas rendre trop d'eau), jambon végé, légumes divers,...)	produce
Œufs 6	grocery
6 unité Œuf	grocery
200 g thon au naturel	canned
1 1/2 cups Uncooked Wild Rice, Preferably Whole, Uncracked Wild Rice	bakery
30 milliliters red wine vinegar (2 tbsp)	grocery
Desserts Olivier	dairy
Active Yogurt culture	dairy
Babybell cheeses	dairy
captain crunch	grocery
estrellitas white cheddar	grocery
cranberry	beverages
Cholula hot sauce	grocery
Ντομάτες	produce
85 milliliters olive oil (3 tablespoons)	grocery
22 milliliters Worcester sauce (1 1/2 tablespoon)	condiments
1 pinch of dried thyme	spices
Rosewater	nonfood
5 layer dip	produce
Almonds / Refrigerator / Wine Fridge 2	grocery
Junk for casey	frozen
On The Border Cafe Tortilla Chips, 23.5 oz. Sams Item # 990341936 Current price is Now $3.98 was $4.48$4.48	canned
Big olive oil	grocery
Freeze dried Strawberries	grocery
Cupcake papers	nonfood
Oreos	grocery
Walnut/ Refrigerator / Winefridge	grocery
Macadamia Nuts / Refrigerator/ Winefridge	grocery
6 (16 ounce) block firm tofu (or extra firm tofu pressed, and torn into 1 to 2 inch pieces*)	dairy
Flaxseed /Refrigerator/ Winefridge	grocery
Chia Seed/Refrigerator /Winefridge	grocery
Pearl barley 250 g	grocery
Fargelle 500 g	grocery
Tagliatelle 500 g	grocery
Tortiglioni 500 g	grocery
Lettuce, green leaf	produce
1 (12.3-ounce) package silken tofu	produce
Pic of Oatmilk Case Price for Jack	beverages
Sunflower Seeds / Refrigerator/Winefridge	grocery
La Croix Strawberry Peach	beverages
3 bags blck beens	grocery
Soya sauce 250 ml	grocery
Pumpkin Seeds / Refrigerator/ Winefridge	grocery
the pretzels from southwest maybe	grocery
Sun-dried tomato	grocery
180 g paneer cubed	dairy
Pine nuts / Refrigerator/ Winefridge	grocery
Fruits & Veggies $52.00	produce
Corn cobs	produce
Pistachio / Refrigerator / Winefridge	grocery
Peanut / Refrigerator / Winefridge	grocery
1 cup walnut halves/pieces	grocery
2 tablespoons fresh lemon juice (from 1 lemon)	grocery
3 1/3- 3 1/2 cups (750 ml) chicken broth or water  ((see notes))	canned
Sesame Seeds / Refrigerator/ Winefridge	grocery
corn on the cob	produce
Hazelnuts/ Refrigerator/ Winefridge	grocery
4  large leeks (about 2 1/2 pounds, white and light green parts only)	produce
French onion dip	dairy
Basil Seeds / Refrigerator/ Winefridge	grocery
1 vanilla bean, split and seeds scraped (pod reserved for another use; see note above)	grocery
Cashews /Refrigerator / Winefridge	grocery
Tiger nuts / Refrigerator/ Winefridge	grocery
Chestnut / Refrigerator/ Winefridge	grocery
1/2 cup sun dried tomatoes, chopped with oil saved	produce
mustard greens	produce
collard greens	produce
Liquid IV for Julian	grocery
Vanilla powder / 250 ml	bakery
1/2 pound oyster mushrooms, coarsely chopped	produce
Drumsticks	frozen
Miracle whip	grocery
Rice - Jasmine and other	grocery
3 tablespoons finely chopped fresh sage	grocery
Squeezy Mayo	dairy
2 jars pickle chips	grocery
1/4 tsp Thyme Leaves ((dried, not ground))	grocery
1/2 cup chopped fresh flat-leaf parsley	grocery
6 packet taco seasoning (about 4 Tablespoons)	grocery
Tumeric	spices
1/2 cup frozen spinach ((100g) or large handful of fresh)	produce
1 1/2 cups organic unsweetened soya milk ((375ml))	dairy
1 1/4 teaspoon sriracha sauce* (or to taste)	grocery
1/2 tsp chilli powder	grocery
Townhouse Crackers	grocery
Muesli bars	grocery
Creole Seasoning	spices
250g–300g tuna canned in oil (drained weight)	canned
18 3/4 teaspoons kosher salt, plus more as needed	grocery
Test 1	frozen
3  cup shredded parmesan regianno	dairy
7 1/2  cup sliced pitted greek olives	grocery
10 boneless skinless Chicken breasts	meat
captain crunch with berries	grocery
caesar salad kit x2	produce
parsley dried	grocery
salt and freshly ground black pepper (, to taste)	grocery
cards	nonfood
acocados 2	produce
Greens	produce
Cofee mixer	grocery
1 white wine stock pot	canned
Γλυκοπατάτα	produce
Σέλερι	produce
2 tbsp vegan mayo	grocery
1 3" cinnamon stick	grocery
Optional Topping: Everything Bagel Seasoning	grocery
2 x tins of tuna	canned
Caramel sauce	bakery
Mandarin oranges	canned
Ground pepper	spices
Rice flour	baking
240 g dry TVP	spices
200 g Nouilles chinoises	grocery
Boom chicka pop	grocery
PB & J:	grocery
Kix	grocery
1 lg jar Peanut Butter (for zoo)	grocery
2 bags grapes (zoo)	grocery
2 jars jam (for zoo)	grocery
30 bags chips (zoo)	grocery
4 loafs sliced bread (for zoo)	grocery
Sliced American	dairy
Mozz Shredded	dairy
Chips (ruffles?)	grocery
1 (14- to 16-ounce) block extra-firm tofu, drained	dairy
1 (10- to 12-ounce/280- to 340-gram) package super-firm tofu (see Tip)	dairy
1 (14- to 16-ounce) block extra-firm tofu, sliced 1/2-inch thick and patted dry	dairy
2 1/2 cup aminos**	grocery
10 chicken breast, (poached day before), shredded	meat
60 slices sour dough bread	grocery
30 thin slices of tomato, drained on a paper towel	produce
3 3/4 cups slivered Almonds	produce
2 jars roasted red pepper, for veggie quiche	grocery
PB & J ingredients:	grocery
Sunny D	beverages
Yakult	beverages
Dolmio hidden vegetable sauce	canned
Walnut chocolate milk	grocery
Walnut ice cream	grocery
Borax / large plasic Jug / 2	nonfood
Baking Soda / Large Plastic Jug 2	nonfood
Butcher Block Paper / sub for parchment	nonfood
kettle chips	grocery
Gluten-free Seite-brand tortillas (10 pack)	dairy
1 gousse Ail	grocery
70 g Lardons fumés	meat
Smash (4 meals)	grocery
Popcorn microwave	grocery
2 kevätsipulinvartta	produce
5 dl kauravispiä	dairy
4 kpl osterivinokasta	produce
1/3 cup crushed pork rinds  (or almond flour)	grocery
1/2 sac. Levure chimique	bakery
1 tran. Jambon blanc	meat
irish break	beverages
kosher salt and fresh pepper to taste	grocery
1/2 c. panko bread crumbs	grocery
Artichoke	frozen
Soymilk	beverages
Catio	nonfood
Sirop d'orgeat	beverages
La Colombe	beverages
Avacados	produce
2 Red bulls	beverages
A third cup of freshly squeezed lemon juice (approximately from 2 lemons), with lemon halves set aside	produce
3 (350 g) portobello mushroom caps (10 -12 ounces), sliced into 1-inch pieces	produce
Cream of chicken soup	grocery
300 g Pommes de terre	grocery
IGA - Swedish Meatball Sauce	grocery
1 poignée de champignons de Paris	canned
牛番茄 200公克	produce
免治豬肉 70克	meat
金菇	produce
五花腩	meat
Artichoke hearts	canned
Kvikklunsj	grocery
Feta ost roasted tomato	grocery
Chip	grocery
8 large chicken breasts, poached and shredded	meat
8 cups gluten-free breadcrumbs	grocery
3 cans pitted green olives	grocery
5 can garbanzo beans, drained, rinsed	grocery
4  cans pitted green olives, sliced	grocery
32 ounces feta cheese	dairy
PB & J Fixin's:	grocery
75 ml d’huile de coco	grocery
Serano peppers	produce
24.40 gm fish sauce	grocery
Breakfast fruit	produce
100 g plain flour (gluten-free if required)	grocery
Beetroot	canned
400 g canned kidney beans	canned
150 g Schweizer Emmentaler Scheiben (ca. 2 mm dicke Scheiben)	dairy
2tsp chilli flakes	spices
2tsp mild paprika	spices
Salmon Breast Fillets [x2]	seafood
1/2 cup sun-dried tomatoes, chopped	grocery
Catfish	frozen
80 g Schokolade (bitter)	bakery
1 lb hokkien noodles, lo mein, other noodles , from the fridge, prepared per packet, rinsed well, drained	grocery
400 g | 14.1 oz tin diced tomatoes	canned
20 g | 0.7 oz olive oil	grocery
chicken nuggets- 1 bag	frozen
1 teaspoon Whole Black Peppercorns	grocery
1 teaspoon Whole Black Peppercorns , crushed in a mortar and pestle	grocery
Tomato ketchup - 50 ml	grocery
Paneer - 200 gms	grocery
Refined oil - 75 ml	grocery
For the fresh masala:	nonfood
2 sprig Curry leaves	produce
2 tablespoon cream (or 25 cashew nuts)	grocery
amchur powder	grocery
1 cup soya chunks	grocery
2 tbsp Grated cheese (processed or mozzarella)	grocery
2 tbsp Butter or oil	grocery
to taste Salt	grocery
Kashmiri Red Chilli Powder	grocery
Reispapier	grocery
Jeunes pousses de roquette ou mesclun	produce
3 1/2 Avocat(s)	produce
1 3/4 Oignon(s) doux	produce
3 1/2 Pomélos	produce
3 1/2 Cuillère(s) à soupe Vinaigre de framboises	grocery
325 g Carotte	produce
6 1/2 Cuillère(s) à soupe Sauce Soja	grocery
29.25 cl Jus de citron vert	grocery
960 g Pommes de terre pour cuisson vapeur	produce
6 1/2 Cuillère(s) à soupe Graines de sésame	grocery
19 1/2 Cuillère(s) à soupe Huile d'avocat	grocery
960 g Thon rouge	seafood
1625 g Saumon (extra frais)	seafood
2 Citron(s) confit(s)	grocery
6 1/2 Mangue(s)	produce
39 Radis rose(s)	produce
5 Cuillère(s) à soupe Huile de colza	grocery
10 Œuf(s)	dairy
1750 g Patate douce	produce
a handful of dill	produce
2 lb. baby spinach (about 12 cups)	frozen
Sirop d'érable	grocery
Chou-fleur	produce
Poivron	produce
6 cauliflower rice	frozen
Natures Bakery bars	grocery
1 teaspoon celery seeds	grocery
2 tablespoons lime juice, plus more to taste	produce
Mice	nonfood
1 cup pesto (see Presto Pesto, page 172)	dairy
Brown Lentils 1tin	canned
jauhettu korianteri	spices
Hot dogs or other grillers	meat
1 tsp caraway seeds, lightly crushed	spices
2 tbsp lard, beef tallow, or neutral oil	baking
2–3 tbsp lime juice	produce
15 ml (1 tbsp) fresh lime juice	produce
Bananas, 3 lbs. Current price is $1.47	produce
Romaine Hearts, Bag  3 ct $3.69 (Aldi has the best price, if you don't go to Aldi, please get one where-ever)	produce
45 g neutral oil or ghee	baking
3 g black peppercorns	spices
2 g fennel seeds, optional	spices
30 g cashews, toasted	grocery
Veggie Brownie muffins	frozen
1 beefsteak tomato, cut into 12 slices	produce
1/3 cup natural almond butter	canned
1 cup cashew or almond milk	dairy
4 pounds leeks (about 6 medium)	produce
